;FLAVOR:Marlin
;TIME:1609
;Filament used: 1.38143m
;Layer height: 0.2
;MINX:77.2
;MINY:87.2
;MINZ:0.2
;MAXX:142.8
;MAXY:132.8
;MAXZ:6
;Generated with Cura_SteamEngine 5.4.0
M82 ;absolute extrusion mode
; Ender 3 S1 Pro Start G-code
; M413 S0 ; Disable power loss recovery
G92 E0 ; Reset Extruder

; Prep surfaces before auto home for better accuracy
M140 S60
M104 S200

G28 O ; Home all untrusted axes
G1 Z10.0 F3000 ; Move Z Axis up little to prevent scratching of Heat Bed
G1 X0 Y0

M190 S60
M109 S200

G1 X0.1 Y20 Z0.3 F5000.0 ; Move to start position
G1 X0.1 Y200.0 Z0.3 F1500.0 E15 ; Draw the first line
G1 X0.4 Y200.0 Z0.3 F5000.0 ; Move to side a little
G1 X0.4 Y20 Z0.3 F1500.0 E30 ; Draw the second line
G92 E0 ; Reset Extruder
G1 Z2.0 F3000 ; Move Z Axis up little to prevent scratching of Heat Bed
G1 X5 Y20 Z0.3 F5000.0 ; Move over to prevent blob squish

G92 E0
G92 E0
G1 F2400 E-0.8
;LAYER_COUNT:30
;LAYER:0
M107
M204 S2000
G0 F7500 X81.047 Y88.905 Z0.2
M204 S500
;TYPE:SKIRT
G1 F2400 E0
G1 F1500 X82.848 Y87.916 E0.06834
G1 X84.04 Y87.453 E0.11087
G1 X86.398 Y87.2 E0.18975
G1 X134.626 Y87.213 E1.79382
G1 X137.089 Y87.831 E1.87828
G1 X139.287 Y89.147 E1.96348
G1 X140.88 Y90.74 E2.03841
G1 X142.071 Y92.735 E2.11569
G1 X142.558 Y94.136 E2.16503
G1 X142.8 Y96.395 E2.24059
G1 X142.787 Y124.628 E3.17962
G1 X142.17 Y127.087 E3.26395
G1 X140.853 Y129.287 E3.34923
G1 X139.26 Y130.88 E3.42416
G1 X137.265 Y132.071 E3.50144
G1 X135.864 Y132.558 E3.55077
G1 X133.605 Y132.8 E3.62633
G1 X85.354 Y132.787 E5.23117
G1 X82.92 Y132.175 E5.31464
G1 X80.566 Y130.765 E5.40591
G1 X78.905 Y128.953 E5.48766
G1 X77.916 Y127.152 E5.556
G1 X77.453 Y125.96 E5.59854
G1 X77.2 Y123.602 E5.67741
G1 X77.213 Y95.352 E6.61701
G1 X77.825 Y92.918 E6.70049
G1 X79.233 Y90.567 E6.79163
G1 X81.047 Y88.905 E6.87346
M204 S2000
G0 F7500 X81.282 Y89.232
M204 S500
G1 F1500 X82.993 Y88.289 E6.93844
G1 X84.135 Y87.845 E6.97919
G1 X86.398 Y87.6 E7.0549
G1 X134.577 Y87.613 E8.65734
G1 X136.934 Y88.204 E8.73816
G1 X139.039 Y89.465 E8.81977
G1 X140.564 Y90.99 E8.89151
G1 X141.706 Y92.903 E8.96561
G1 X142.165 Y94.223 E9.01209
G1 X142.4 Y96.395 E9.08475
G1 X142.387 Y124.579 E10.02216
G1 X141.797 Y126.932 E10.10284
G1 X140.535 Y129.039 E10.18453
G1 X139.01 Y130.564 E10.25626
G1 X137.097 Y131.706 E10.33036
G1 X135.777 Y132.165 E10.37684
G1 X133.605 Y132.4 E10.44951
G1 X85.404 Y132.387 E12.05268
G1 X83.075 Y131.801 E12.13255
G1 X80.821 Y130.451 E12.21994
G1 X79.232 Y128.718 E12.29814
G1 X78.289 Y127.007 E12.36312
G1 X77.845 Y125.865 E12.40387
G1 X77.6 Y123.602 E12.47958
G1 X77.613 Y95.402 E13.41752
G1 X78.199 Y93.071 E13.49746
G1 X79.545 Y90.823 E13.58461
G1 X81.282 Y89.232 E13.66295
M204 S2000
G0 F7500 X81.516 Y89.56
M204 S500
G1 F1500 X83.138 Y88.662 E13.72461
G1 X84.23 Y88.237 E13.76359
G1 X86.398 Y88 E13.83613
G1 X134.528 Y88.013 E15.43694
G1 X136.78 Y88.578 E15.51416
G1 X138.789 Y89.781 E15.59204
G1 X140.248 Y91.24 E15.66067
G1 X141.341 Y93.071 E15.73159
G1 X141.772 Y94.31 E15.77523
G1 X142 Y96.395 E15.84499
G1 X141.987 Y124.53 E16.78076
G1 X141.423 Y126.778 E16.85785
G1 X140.219 Y128.789 E16.9358
G1 X138.76 Y130.248 E17.00443
G1 X136.929 Y131.341 E17.07536
G1 X135.69 Y131.772 E17.11899
G1 X133.605 Y132 E17.18875
G1 X85.454 Y131.987 E18.79026
G1 X83.228 Y131.427 E18.8666
G1 X81.077 Y130.139 E18.94999
G1 X79.56 Y128.484 E19.02466
G1 X78.662 Y126.862 E19.08632
G1 X78.237 Y125.77 E19.1253
G1 X78 Y123.602 E19.19784
G1 X78.013 Y95.452 E20.13411
G1 X78.573 Y93.224 E20.21052
G1 X79.857 Y91.079 E20.29366
G1 X81.516 Y89.56 E20.36848
M204 S2000
G0 F7500 X81.75 Y89.888
M204 S500
G1 F1500 X83.283 Y89.035 E20.42683
G1 X84.325 Y88.629 E20.46402
G1 X86.398 Y88.4 E20.53339
G1 X134.479 Y88.413 E22.13257
G1 X136.626 Y88.952 E22.2062
G1 X138.539 Y90.097 E22.28035
G1 X139.932 Y91.49 E22.34587
G1 X140.976 Y93.239 E22.41362
G1 X141.379 Y94.397 E22.4544
G1 X141.6 Y96.395 E22.52126
G1 X141.587 Y124.481 E23.4554
G1 X141.05 Y126.623 E23.52885
G1 X139.901 Y128.541 E23.60322
G1 X138.51 Y129.932 E23.66864
G1 X136.761 Y130.976 E23.73639
G1 X135.603 Y131.379 E23.77717
G1 X133.605 Y131.6 E23.84403
G1 X85.504 Y131.587 E25.44388
G1 X83.381 Y131.053 E25.51669
G1 X81.333 Y129.827 E25.59608
G1 X79.888 Y128.25 E25.66722
G1 X79.035 Y126.717 E25.72557
G1 X78.629 Y125.675 E25.76276
G1 X78.4 Y123.602 E25.83213
G1 X78.413 Y95.501 E26.76677
G1 X78.946 Y93.379 E26.83954
G1 X80.171 Y91.334 E26.91883
G1 X81.75 Y89.888 E26.99004
M204 S2000
G0 F7500 X81.983 Y90.217
M204 S500
G1 F1500 X83.478 Y89.385 E27.04695
G1 X84.419 Y89.022 E27.08049
G1 X86.398 Y88.8 E27.14673
G1 X134.43 Y88.813 E28.74428
G1 X136.471 Y89.325 E28.81427
G1 X138.291 Y90.415 E28.88483
G1 X139.613 Y91.737 E28.94701
G1 X140.611 Y93.41 E29.0118
G1 X140.986 Y94.485 E29.04967
G1 X141.2 Y96.395 E29.11359
G1 X141.187 Y124.432 E30.04611
G1 X140.676 Y126.469 E30.11596
G1 X139.585 Y128.291 E30.18659
G1 X138.263 Y129.613 E30.24877
G1 X136.59 Y130.611 E30.31357
G1 X135.515 Y130.986 E30.35143
G1 X133.605 Y131.2 E30.41536
G1 X85.554 Y131.187 E32.01354
G1 X83.534 Y130.679 E32.08282
G1 X81.589 Y129.515 E32.15821
G1 X80.217 Y128.017 E32.22577
G1 X79.385 Y126.522 E32.28268
G1 X79.022 Y125.581 E32.31622
G1 X78.8 Y123.602 E32.38246
G1 X78.813 Y95.551 E33.31544
G1 X79.32 Y93.534 E33.38461
G1 X80.485 Y91.589 E33.46002
G1 X81.983 Y90.217 E33.52758
M204 S2000
G0 F7500 X82.218 Y90.544
M204 S500
G1 F1500 X83.672 Y89.735 E33.58292
G1 X84.517 Y89.413 E33.613
G1 X86.398 Y89.2 E33.67596
G1 X134.381 Y89.213 E35.27188
G1 X136.317 Y89.699 E35.33827
G1 X138.041 Y90.731 E35.4051
G1 X139.294 Y91.984 E35.46404
G1 X140.246 Y93.581 E35.52588
G1 X140.594 Y94.578 E35.561
G1 X140.8 Y96.395 E35.62182
G1 X140.787 Y124.383 E36.55271
G1 X140.302 Y126.315 E36.61896
G1 X139.269 Y128.041 E36.68586
G1 X138.016 Y129.294 E36.7448
G1 X136.419 Y130.246 E36.80664
G1 X135.422 Y130.594 E36.84176
G1 X133.605 Y130.8 E36.90258
G1 X85.603 Y130.787 E38.49913
G1 X83.689 Y130.306 E38.56477
G1 X81.844 Y129.201 E38.6363
G1 X80.544 Y127.782 E38.70031
G1 X79.735 Y126.328 E38.75565
G1 X79.413 Y125.483 E38.78573
G1 X79.2 Y123.602 E38.84869
G1 X79.213 Y95.601 E39.78001
G1 X79.694 Y93.689 E39.84558
G1 X80.799 Y91.844 E39.91711
G1 X82.218 Y90.544 E39.98112
M204 S2000
G0 F7500 X82.451 Y90.873
M204 S500
G1 F1500 X83.867 Y90.085 E40.03502
G1 X84.613 Y89.804 E40.06153
G1 X86.398 Y89.6 E40.12129
G1 X134.332 Y89.613 E41.71558
G1 X136.162 Y90.072 E41.77833
G1 X137.793 Y91.049 E41.84156
G1 X138.975 Y92.231 E41.89716
G1 X139.881 Y93.751 E41.95602
G1 X140.202 Y94.671 E41.98842
G1 X140.4 Y96.395 E42.04614
G1 X140.387 Y124.334 E42.9754
G1 X139.929 Y126.16 E43.03801
G1 X138.951 Y127.793 E43.10132
G1 X137.769 Y128.975 E43.15692
G1 X136.249 Y129.881 E43.21577
G1 X135.329 Y130.202 E43.24818
G1 X133.605 Y130.4 E43.3059
G1 X85.653 Y130.387 E44.90079
G1 X83.844 Y129.932 E44.96283
G1 X82.099 Y128.887 E45.03048
G1 X80.873 Y127.549 E45.09084
G1 X80.085 Y126.133 E45.14474
G1 X79.804 Y125.387 E45.17125
G1 X79.6 Y123.602 E45.23101
G1 X79.613 Y95.651 E46.16066
G1 X80.068 Y93.842 E46.2227
G1 X81.111 Y92.1 E46.29023
G1 X82.451 Y90.873 E46.35066
M204 S2000
G0 F7500 X82.687 Y91.199
M204 S500
G1 F1500 X84.008 Y90.459 E46.40102
G1 X84.708 Y90.195 E46.42591
G1 X86.398 Y90 E46.48249
G1 X134.283 Y90.013 E48.07515
G1 X136.008 Y90.446 E48.1343
G1 X137.543 Y91.365 E48.19381
G1 X138.656 Y92.478 E48.24616
G1 X139.516 Y93.921 E48.30203
G1 X139.81 Y94.764 E48.33173
G1 X140 Y96.395 E48.38634
G1 X139.987 Y124.285 E49.31397
G1 X139.555 Y126.006 E49.37298
G1 X138.635 Y127.543 E49.43256
G1 X137.522 Y128.656 E49.48491
G1 X136.079 Y129.516 E49.54079
G1 X135.236 Y129.81 E49.57048
G1 X133.605 Y130 E49.62509
G1 X85.703 Y129.987 E51.21832
G1 X83.997 Y129.558 E51.27683
G1 X82.355 Y128.575 E51.34048
G1 X81.199 Y127.313 E51.3974
G1 X80.459 Y125.992 E51.44776
G1 X80.195 Y125.292 E51.47265
G1 X80 Y123.602 E51.52923
G1 X80.013 Y95.701 E52.45722
G1 X80.442 Y93.995 E52.51573
G1 X81.423 Y92.356 E52.57926
G1 X82.687 Y91.199 E52.63626
M204 S2000
G0 F7500 X82.923 Y91.525
M204 S500
G1 F1500 X84.149 Y90.833 E52.68308
G1 X84.803 Y90.586 E52.70633
G1 X86.398 Y90.4 E52.75974
G1 X134.234 Y90.413 E54.35077
G1 X135.853 Y90.819 E54.40629
G1 X137.295 Y91.683 E54.4622
G1 X138.337 Y92.725 E54.51121
G1 X139.151 Y94.091 E54.5641
G1 X139.418 Y94.857 E54.59108
G1 X139.6 Y96.395 E54.64259
G1 X139.587 Y124.236 E55.56859
G1 X139.182 Y125.851 E55.62397
G1 X138.317 Y127.295 E55.67995
G1 X137.275 Y128.337 E55.72896
G1 X135.909 Y129.151 E55.78185
G1 X135.143 Y129.418 E55.80883
G1 X133.605 Y129.6 E55.86034
G1 X85.753 Y129.587 E57.45191
G1 X84.15 Y129.184 E57.50688
G1 X82.611 Y128.263 E57.56654
G1 X81.525 Y127.077 E57.62002
G1 X80.833 Y125.851 E57.66685
G1 X80.586 Y125.197 E57.6901
G1 X80.4 Y123.602 E57.74351
G1 X80.413 Y95.75 E58.66987
G1 X80.815 Y94.15 E58.72474
G1 X81.737 Y92.611 E58.78441
G1 X82.923 Y91.525 E58.83789
M204 S2000
G0 F7500 X83.158 Y91.852
M204 S500
G1 F1500 X84.291 Y91.207 E58.88126
G1 X84.899 Y90.977 E58.90288
G1 X86.398 Y90.8 E58.95308
G1 X134.185 Y90.813 E60.54248
G1 X135.699 Y91.193 E60.5944
G1 X137.045 Y91.999 E60.64658
G1 X138.018 Y92.972 E60.69235
G1 X138.786 Y94.261 E60.74225
G1 X139.026 Y94.95 E60.76652
G1 X139.2 Y96.395 E60.81493
G1 X139.187 Y124.187 E61.73929
G1 X138.808 Y125.697 E61.79107
G1 X138.001 Y127.045 E61.84333
G1 X137.028 Y128.018 E61.8891
G1 X135.739 Y128.786 E61.939
G1 X135.05 Y129.026 E61.96327
G1 X133.605 Y129.2 E62.01168
G1 X85.802 Y129.187 E63.60161
G1 X84.305 Y128.811 E63.65295
G1 X82.866 Y127.949 E63.70874
G1 X81.852 Y126.842 E63.75867
G1 X81.207 Y125.709 E63.80203
G1 X80.977 Y125.101 E63.82365
G1 X80.8 Y123.602 E63.87386
G1 X80.813 Y95.8 E64.79855
G1 X81.189 Y94.305 E64.84983
G1 X82.051 Y92.866 E64.90562
G1 X83.158 Y91.852 E64.95555
M204 S2000
G0 F7500 X83.393 Y92.179
M204 S500
G1 F1500 X84.489 Y91.555 E64.9975
G1 X84.993 Y91.369 E65.01536
G1 X86.398 Y91.2 E65.06243
G1 X134.136 Y91.213 E66.6502
G1 X135.545 Y91.567 E66.69852
G1 X136.795 Y92.315 E66.74697
G1 X137.699 Y93.219 E66.7895
G1 X138.421 Y94.431 E66.83642
G1 X138.634 Y95.042 E66.85794
G1 X138.8 Y96.395 E66.90328
G1 X138.787 Y124.138 E67.82601
G1 X138.435 Y125.542 E67.87416
G1 X137.683 Y126.797 E67.92282
G1 X136.781 Y127.699 E67.96524
G1 X135.569 Y128.421 E68.01217
G1 X134.958 Y128.634 E68.03369
G1 X133.605 Y128.8 E68.07903
G1 X85.852 Y128.787 E69.6673
G1 X84.46 Y128.437 E69.71504
G1 X83.121 Y127.635 E69.76695
G1 X82.179 Y126.607 E69.81333
G1 X81.555 Y125.511 E69.85527
G1 X81.369 Y125.007 E69.87314
G1 X81.2 Y123.602 E69.92021
G1 X81.213 Y95.85 E70.84324
G1 X81.563 Y94.458 E70.89098
G1 X82.363 Y93.122 E70.94278
G1 X83.393 Y92.179 E70.98922
M204 S2000
G0 F7500 X83.628 Y92.506
M204 S500
G1 F1500 X84.687 Y91.903 E71.02975
G1 X85.088 Y91.761 E71.0439
G1 X86.398 Y91.6 E71.0878
G1 X134.087 Y91.613 E72.67394
G1 X135.39 Y91.94 E72.71863
G1 X136.547 Y92.633 E72.76348
G1 X137.38 Y93.466 E72.80267
G1 X138.056 Y94.601 E72.8466
G1 X138.242 Y95.134 E72.86538
G1 X138.4 Y96.395 E72.90765
G1 X138.387 Y124.089 E73.82876
G1 X138.061 Y125.388 E73.8733
G1 X137.367 Y126.547 E73.91823
G1 X136.534 Y127.38 E73.95741
G1 X135.399 Y128.056 E74.00135
G1 X134.866 Y128.242 E74.02013
G1 X133.605 Y128.4 E74.0624
G1 X85.902 Y128.387 E75.649
G1 X84.615 Y128.063 E75.69315
G1 X83.376 Y127.321 E75.74118
G1 X82.506 Y126.372 E75.784
G1 X81.903 Y125.313 E75.82453
G1 X81.761 Y124.912 E75.83868
G1 X81.6 Y123.602 E75.88258
G1 X81.613 Y95.9 E76.80395
G1 X81.937 Y94.611 E76.84816
G1 X82.675 Y93.378 E76.89595
G1 X83.628 Y92.506 E76.93892
M204 S2000
G0 F7500 X83.863 Y92.833
M204 S500
G1 F1500 X84.885 Y92.251 E76.97803
G1 X85.178 Y92.153 E76.98831
G1 X86.398 Y92 E77.0292
G1 X134.038 Y92.013 E78.61372
G1 X135.236 Y92.314 E78.6548
G1 X136.297 Y92.949 E78.69593
G1 X137.061 Y93.713 E78.73186
G1 X137.691 Y94.772 E78.77285
G1 X137.85 Y95.226 E78.78885
G1 X138 Y96.395 E78.82805
G1 X137.987 Y124.04 E79.74752
G1 X137.687 Y125.234 E79.78847
G1 X137.051 Y126.297 E79.82967
G1 X136.287 Y127.061 E79.86561
G1 X135.228 Y127.691 E79.90659
G1 X134.774 Y127.85 E79.92259
G1 X133.605 Y128 E79.96179
G1 X85.952 Y127.987 E81.54674
G1 X84.768 Y127.689 E81.58734
G1 X83.632 Y127.009 E81.63138
G1 X82.833 Y126.137 E81.67072
G1 X82.251 Y125.115 E81.70983
G1 X82.153 Y124.822 E81.72011
G1 X82 Y123.602 E81.761
G1 X82.013 Y95.949 E82.68075
G1 X82.31 Y94.766 E82.72131
G1 X82.989 Y93.633 E82.76525
G1 X83.863 Y92.833 E82.80466
M204 S2000
G0 F7500 X84.098 Y93.16
M204 S500
G1 F1500 X85.083 Y92.599 E82.84236
G1 X85.229 Y92.55 E82.84748
G1 X86.398 Y92.4 E82.88668
G1 X133.989 Y92.413 E84.46956
G1 X135.081 Y92.687 E84.50701
G1 X136.049 Y93.267 E84.54454
G1 X136.743 Y93.961 E84.57719
G1 X137.327 Y94.943 E84.61519
G1 X137.458 Y95.316 E84.62834
G1 X137.6 Y96.395 E84.66453
G1 X137.587 Y123.991 E85.58238
G1 X137.314 Y125.079 E85.61969
G1 X136.733 Y126.049 E85.6573
G1 X136.039 Y126.743 E85.68994
G1 X135.057 Y127.327 E85.72794
G1 X134.684 Y127.458 E85.74109
G1 X133.605 Y127.6 E85.77729
G1 X86.002 Y127.587 E87.36057
G1 X84.921 Y127.315 E87.39764
G1 X83.888 Y126.697 E87.43768
G1 X83.16 Y125.902 E87.47353
G1 X82.599 Y124.917 E87.51124
G1 X82.55 Y124.771 E87.51636
G1 X82.4 Y123.602 E87.55556
G1 X82.413 Y95.999 E88.47364
G1 X82.684 Y94.921 E88.51061
G1 X83.303 Y93.888 E88.55066
G1 X84.098 Y93.16 E88.58651
M204 S2000
G0 F7500 X84.333 Y93.487
M204 S500
G1 F1500 X85.281 Y92.947 E88.6228
G1 X86.398 Y92.8 E88.66027
G1 X133.94 Y92.813 E90.24153
G1 X134.927 Y93.061 E90.27537
G1 X135.799 Y93.583 E90.30918
G1 X136.425 Y94.209 E90.33862
G1 X136.963 Y95.114 E90.37364
G1 X137.067 Y95.41 E90.38407
G1 X137.2 Y96.395 E90.41713
G1 X137.187 Y123.942 E91.33335
G1 X136.94 Y124.925 E91.36706
G1 X136.417 Y125.799 E91.40094
G1 X135.791 Y126.425 E91.43038
G1 X134.886 Y126.963 E91.4654
G1 X134.59 Y127.067 E91.47584
G1 X133.605 Y127.2 E91.50889
G1 X86.051 Y127.187 E93.09055
G1 X85.076 Y126.942 E93.12398
G1 X84.143 Y126.383 E93.16016
G1 X83.487 Y125.667 E93.19246
G1 X82.947 Y124.719 E93.22874
G1 X82.8 Y123.602 E93.26622
G1 X82.813 Y96.049 E94.18263
G1 X83.058 Y95.076 E94.216
G1 X83.617 Y94.143 E94.25218
G1 X84.333 Y93.487 E94.28448
M204 S2000
G0 F7500 X84.568 Y93.814
M204 S500
G1 F1500 X85.413 Y93.333 E94.31682
G1 X86.398 Y93.2 E94.34988
G1 X133.891 Y93.213 E95.9295
G1 X134.772 Y93.434 E95.95971
G1 X135.551 Y93.901 E95.98992
G1 X136.107 Y94.457 E96.01607
G1 X136.619 Y95.318 E96.04939
G1 X136.671 Y95.465 E96.05457
G1 X136.8 Y96.395 E96.0858
G1 X136.787 Y123.893 E97.00039
G1 X136.567 Y124.77 E97.03046
G1 X136.099 Y125.551 E97.06075
G1 X135.543 Y126.107 E97.0869
G1 X134.682 Y126.619 E97.12022
G1 X134.535 Y126.671 E97.1254
G1 X133.605 Y126.8 E97.15663
G1 X86.101 Y126.787 E98.73662
G1 X85.231 Y126.568 E98.76646
G1 X84.398 Y126.069 E98.79875
G1 X83.814 Y125.432 E98.8275
G1 X83.333 Y124.587 E98.85984
G1 X83.2 Y123.602 E98.8929
G1 X83.213 Y96.099 E99.80765
G1 X83.432 Y95.229 E99.83749
G1 X83.929 Y94.399 E99.86966
G1 X84.568 Y93.814 E99.89848
M204 S2000
G0 F7500 X84.803 Y94.141
M204 S500
G1 F1500 X85.545 Y93.719 E99.92687
G1 X86.398 Y93.6 E99.95552
G1 X133.842 Y93.613 E101.53351
G1 X134.617 Y93.807 E101.56008
G1 X135.302 Y94.218 E101.58665
G1 X135.789 Y94.705 E101.60956
G1 X136.275 Y95.522 E101.64118
G1 X136.4 Y96.395 E101.67051
G1 X136.387 Y123.844 E102.58347
G1 X136.193 Y124.616 E102.60994
G1 X135.783 Y125.301 E102.63649
G1 X135.295 Y125.789 E102.65945
G1 X134.478 Y126.275 E102.69107
G1 X133.605 Y126.4 E102.7204
G1 X86.151 Y126.387 E104.29872
G1 X85.384 Y126.194 E104.32503
G1 X84.654 Y125.757 E104.35333
G1 X84.141 Y125.197 E104.37859
G1 X83.719 Y124.455 E104.40698
G1 X83.6 Y123.602 E104.43562
G1 X83.613 Y96.149 E105.34872
G1 X83.806 Y95.382 E105.37502
G1 X84.241 Y94.655 E105.4032
G1 X84.803 Y94.141 E105.42853
M204 S2000
G0 F7500 X85.038 Y94.468
M204 S500
G1 F1500 X85.677 Y94.105 E105.45297
G1 X86.398 Y94 E105.47721
G1 X133.793 Y94.013 E107.05357
G1 X134.462 Y94.18 E107.0765
G1 X135.053 Y94.535 E107.09944
G1 X135.47 Y94.952 E107.11905
G1 X135.89 Y95.658 E107.14637
G1 X136 Y96.395 E107.17116
G1 X135.987 Y123.795 E108.08248
G1 X135.82 Y124.461 E108.10532
G1 X135.465 Y125.053 E108.12828
G1 X135.048 Y125.47 E108.14789
G1 X134.342 Y125.89 E108.17522
G1 X133.605 Y126 E108.2
G1 X86.201 Y125.987 E109.77666
G1 X85.537 Y125.82 E109.79944
G1 X84.91 Y125.445 E109.82374
G1 X84.468 Y124.962 E109.84551
G1 X84.105 Y124.323 E109.86996
G1 X84 Y123.602 E109.89419
G1 X84.013 Y96.198 E110.80565
G1 X84.179 Y95.537 E110.82832
G1 X84.555 Y94.91 E110.85263
G1 X85.038 Y94.468 E110.87441
M204 S2000
G0 F7500 X85.51 Y95.12
M204 S500
G1 F1500 X85.944 Y94.874 E110.891
G1 X86.398 Y94.8 E110.9063
G1 X133.696 Y94.813 E112.47944
G1 X134.151 Y94.926 E112.49503
G1 X134.555 Y95.169 E112.51071
G1 X134.832 Y95.446 E112.52374
G1 X135.123 Y95.935 E112.54267
G1 X135.2 Y96.395 E112.55818
G1 X135.187 Y123.697 E113.46625
G1 X135.074 Y124.151 E113.48181
G1 X134.831 Y124.555 E113.49749
G1 X134.554 Y124.832 E113.51052
G1 X134.065 Y125.123 E113.52945
G1 X133.605 Y125.2 E113.54496
G1 X86.3 Y125.187 E115.11833
G1 X85.847 Y125.073 E115.13387
G1 X85.42 Y124.817 E115.15043
G1 X85.12 Y124.49 E115.16519
G1 X84.874 Y124.056 E115.18178
G1 X84.8 Y123.602 E115.19708
G1 X84.813 Y96.299 E116.10518
G1 X84.927 Y95.847 E116.12068
G1 X85.183 Y95.42 E116.13724
G1 X85.51 Y95.12 E116.152
M204 S2000
G0 F7500 X85.273 Y94.795
M204 S500
G1 F1500 X85.811 Y94.489 E116.17259
G1 X86.398 Y94.4 E116.19233
G1 X133.744 Y94.413 E117.76707
G1 X134.307 Y94.553 E117.78636
G1 X134.804 Y94.852 E117.80566
G1 X135.151 Y95.199 E117.82198
G1 X135.507 Y95.797 E117.84512
G1 X135.6 Y96.395 E117.86525
G1 X135.587 Y123.746 E118.77495
G1 X135.447 Y124.306 E118.79415
G1 X135.148 Y124.804 E118.81347
G1 X134.801 Y125.151 E118.82979
G1 X134.203 Y125.507 E118.85294
G1 X133.605 Y125.6 E118.87307
G1 X86.25 Y125.587 E120.4481
G1 X85.692 Y125.447 E120.46724
G1 X85.165 Y125.131 E120.48767
G1 X84.795 Y124.727 E120.50589
G1 X84.489 Y124.189 E120.52648
G1 X84.4 Y123.602 E120.54623
G1 X84.413 Y96.248 E121.45602
G1 X84.553 Y95.692 E121.47509
G1 X84.869 Y95.165 E121.49553
G1 X85.273 Y94.795 E121.51375
M204 S2000
G1 F2400 E120.71375
;MESH:ParametricSnapInCP2102-CaseTop.stl
G0 F7500 X86.468 Y95.801
G0 X133.782 Y124.359
M204 S500
;TYPE:WALL-INNER
G1 F2400 E121.51375
G1 F1500 X134.142 Y124.144 E121.5277
G1 X134.325 Y123.837 E121.53959
G1 X134.393 Y123.573 E121.54865
G1 X134.399 Y96.45 E122.45077
G1 X134.359 Y96.219 E122.45857
G1 X134.144 Y95.858 E122.47254
G1 X133.837 Y95.675 E122.48443
G1 X133.573 Y95.608 E122.49349
G1 X86.451 Y95.601 E124.06077
G1 X86.216 Y95.641 E124.0687
G1 X85.966 Y95.782 E124.07825
G1 X85.813 Y95.926 E124.08523
G1 X85.675 Y96.155 E124.09413
G1 X85.607 Y96.424 E124.10336
G1 X85.601 Y123.55 E125.00557
G1 X85.641 Y123.784 E125.01347
G1 X85.782 Y124.034 E125.02301
G1 X85.926 Y124.187 E125.03
G1 X86.155 Y124.324 E125.03888
G1 X86.424 Y124.393 E125.04811
G1 X133.55 Y124.4 E126.61553
G1 X133.782 Y124.359 E126.62337
M204 S2000
G0 F7500 X133.923 Y124.741
M204 S500
;TYPE:WALL-OUTER
G1 F1500 X134.326 Y124.5 E126.63898
G1 X134.498 Y124.328 E126.64707
G1 X134.699 Y123.992 E126.6601
G1 X134.793 Y123.623 E126.67276
G1 X134.799 Y96.416 E127.57767
G1 X134.741 Y96.077 E127.58911
G1 X134.5 Y95.674 E127.60473
G1 X134.328 Y95.502 E127.61282
G1 X133.992 Y95.301 E127.62584
G1 X133.623 Y95.208 E127.6385
G1 X86.417 Y95.201 E129.20857
G1 X86.08 Y95.258 E129.21994
G1 X85.726 Y95.458 E129.23347
G1 X85.499 Y95.673 E129.24386
G1 X85.302 Y95.999 E129.25653
G1 X85.207 Y96.374 E129.2694
G1 X85.201 Y123.583 E130.17437
G1 X85.258 Y123.92 E130.18574
G1 X85.458 Y124.274 E130.19927
G1 X85.673 Y124.501 E130.20966
G1 X85.999 Y124.698 E130.22233
G1 X86.374 Y124.793 E130.2352
G1 X133.584 Y124.8 E131.80541
G1 X133.923 Y124.741 E131.81686
M204 S2000
G0 F7500 X133.61 Y124.04
M204 S500
;TYPE:SKIN
G1 F1500 X86.474 Y124.033 E133.38461
G1 X86.165 Y123.907 E133.3957
G1 X85.961 Y123.62 E133.40742
G1 X85.967 Y96.469 E134.31046
G1 X86.09 Y96.166 E134.32134
G1 X86.379 Y95.962 E134.3331
G1 X133.526 Y95.968 E135.90122
G1 X133.692 Y96.011 E135.90692
G1 X133.902 Y96.158 E135.91545
G1 X134.038 Y96.385 E135.92425
G1 X134.033 Y123.526 E136.82696
G1 X133.99 Y123.692 E136.83267
G1 X133.843 Y123.901 E136.84117
G1 X133.61 Y124.04 E136.85019
M204 S2000
G0 F7500 X133.651 Y124.281
G0 X133.981 Y124.052
G0 X134.174 Y123.776
G0 X134.298 Y96.502
G0 X133.836 Y96.501
M204 S500
G1 F1500 X133.506 Y96.171 E136.86571
M204 S2000
G0 F7500 X132.937 Y96.167
M204 S500
G1 F1500 X133.836 Y97.067 E136.90802
M204 S2000
G0 F7500 X133.836 Y97.633
M204 S500
G1 F1500 X132.371 Y96.167 E136.97695
M204 S2000
G0 F7500 X131.806 Y96.167
M204 S500
G1 F1500 X133.836 Y98.198 E137.07246
M204 S2000
G0 F7500 X133.836 Y98.764
M204 S500
G1 F1500 X131.24 Y96.167 E137.19459
M204 S2000
G0 F7500 X130.674 Y96.167
M204 S500
G1 F1500 X133.836 Y99.33 E137.34335
M204 S2000
G0 F7500 X133.836 Y99.895
M204 S500
G1 F1500 X130.109 Y96.167 E137.51868
M204 S2000
G0 F7500 X129.543 Y96.167
M204 S500
G1 F1500 X133.836 Y100.46 E137.72061
M204 S2000
G0 F7500 X133.836 Y101.026
M204 S500
G1 F1500 X128.977 Y96.167 E137.94916
M204 S2000
G0 F7500 X128.412 Y96.167
M204 S500
G1 F1500 X133.836 Y101.592 E138.20431
M204 S2000
G0 F7500 X133.836 Y102.157
M204 S500
G1 F1500 X127.845 Y96.167 E138.48609
M204 S2000
G0 F7500 X127.279 Y96.167
M204 S500
G1 F1500 X133.836 Y102.723 E138.79448
M204 S2000
G0 F7500 X133.836 Y103.289
M204 S500
G1 F1500 X126.714 Y96.167 E139.12948
M204 S2000
G0 F7500 X126.148 Y96.167
M204 S500
G1 F1500 X133.836 Y103.854 E139.49108
M204 S2000
G0 F7500 X133.835 Y104.419
M204 S500
G1 F1500 X125.582 Y96.167 E139.87925
M204 S2000
G0 F7500 X125.017 Y96.167
M204 S500
G1 F1500 X133.835 Y104.985 E140.29402
M204 S2000
G0 F7500 X133.835 Y105.551
M204 S500
G1 F1500 X124.451 Y96.167 E140.73542
M204 S2000
G0 F7500 X123.885 Y96.167
M204 S500
G1 F1500 X133.835 Y106.116 E141.20341
M204 S2000
G0 F7500 X133.835 Y106.682
M204 S500
G1 F1500 X123.32 Y96.167 E141.698
M204 S2000
G0 F7500 X122.753 Y96.166
M204 S500
G1 F1500 X133.835 Y107.248 E142.21927
M204 S2000
G0 F7500 X133.835 Y107.813
M204 S500
G1 F1500 X122.188 Y96.166 E142.76711
M204 S2000
G0 F7500 X121.622 Y96.166
M204 S500
G1 F1500 X133.834 Y108.378 E143.34152
M204 S2000
G0 F7500 X133.834 Y108.944
M204 S500
G1 F1500 X121.056 Y96.166 E143.94256
M204 S2000
G0 F7500 X120.49 Y96.166
M204 S500
G1 F1500 X133.834 Y109.51 E144.57022
M204 S2000
G0 F7500 X133.834 Y110.076
M204 S500
G1 F1500 X119.925 Y96.166 E145.22448
M204 S2000
G0 F7500 X119.359 Y96.166
M204 S500
G1 F1500 X133.834 Y110.641 E145.90534
M204 S2000
G0 F7500 X133.834 Y111.207
M204 S500
G1 F1500 X118.793 Y96.166 E146.61282
M204 S2000
G0 F7500 X118.228 Y96.166
M204 S500
G1 F1500 X133.834 Y111.773 E147.3469
M204 S2000
G0 F7500 X133.834 Y112.338
M204 S500
G1 F1500 X117.661 Y96.165 E148.10763
M204 S2000
G0 F7500 X117.096 Y96.165
M204 S500
G1 F1500 X133.834 Y112.903 E148.89494
M204 S2000
G0 F7500 X133.834 Y113.469
M204 S500
G1 F1500 X116.53 Y96.165 E149.70886
M204 S2000
G0 F7500 X115.964 Y96.165
M204 S500
G1 F1500 X133.834 Y114.035 E150.54941
M204 S2000
G0 F7500 X133.834 Y114.6
M204 S500
G1 F1500 X115.399 Y96.165 E151.41654
M204 S2000
G0 F7500 X114.833 Y96.165
M204 S500
G1 F1500 X133.834 Y115.166 E152.31029
M204 S2000
G0 F7500 X133.834 Y115.732
M204 S500
G1 F1500 X114.267 Y96.165 E153.23066
M204 S2000
G0 F7500 X113.702 Y96.165
M204 S500
G1 F1500 X133.833 Y116.297 E154.17758
M204 S2000
G0 F7500 X133.833 Y116.862
M204 S500
G1 F1500 X113.136 Y96.165 E155.15111
M204 S2000
G0 F7500 X112.569 Y96.165
M204 S500
G1 F1500 X133.833 Y117.428 E156.15128
M204 S2000
G0 F7500 X133.833 Y117.994
M204 S500
G1 F1500 X112.004 Y96.165 E157.17805
M204 S2000
G0 F7500 X111.438 Y96.165
M204 S500
G1 F1500 X133.833 Y118.559 E158.23142
M204 S2000
G0 F7500 X133.833 Y119.125
M204 S500
G1 F1500 X110.872 Y96.165 E159.31141
M204 S2000
G0 F7500 X110.307 Y96.165
M204 S500
G1 F1500 X133.832 Y119.69 E160.41795
M204 S2000
G0 F7500 X133.832 Y120.256
M204 S500
G1 F1500 X109.741 Y96.165 E161.55112
M204 S2000
G0 F7500 X109.175 Y96.165
M204 S500
G1 F1500 X133.832 Y120.821 E162.71088
M204 S2000
G0 F7500 X133.832 Y121.387
M204 S500
G1 F1500 X108.61 Y96.165 E163.89725
M204 S2000
G0 F7500 X108.044 Y96.165
M204 S500
G1 F1500 X133.832 Y121.953 E165.11024
M204 S2000
G0 F7500 X133.832 Y122.518
M204 S500
G1 F1500 X107.478 Y96.165 E166.34983
M204 S2000
G0 F7500 X106.912 Y96.164
M204 S500
G1 F1500 X133.832 Y123.084 E167.61606
M204 S2000
G0 F7500 X133.781 Y123.599
M204 S500
G1 F1500 X106.346 Y96.164 E168.90652
M204 S2000
G0 F7500 X105.781 Y96.164
M204 S500
G1 F1500 X133.455 Y123.839 E170.20824
M204 S2000
G0 F7500 X132.89 Y123.839
M204 S500
G1 F1500 X105.215 Y96.164 E171.50999
M204 S2000
G0 F7500 X104.649 Y96.164
M204 S500
G1 F1500 X132.324 Y123.839 E172.81174
M204 S2000
G0 F7500 X131.758 Y123.839
M204 S500
G1 F1500 X104.083 Y96.164 E174.11348
M204 S2000
G0 F7500 X103.518 Y96.164
M204 S500
G1 F1500 X131.193 Y123.839 E175.41523
M204 S2000
G0 F7500 X130.627 Y123.839
M204 S500
G1 F1500 X102.952 Y96.164 E176.71698
M204 S2000
G0 F7500 X102.386 Y96.164
M204 S500
G1 F1500 X130.061 Y123.839 E178.01873
M204 S2000
G0 F7500 X129.496 Y123.839
M204 S500
G1 F1500 X101.82 Y96.163 E179.32052
M204 S2000
G0 F7500 X101.254 Y96.163
M204 S500
G1 F1500 X128.929 Y123.838 E180.62227
M204 S2000
G0 F7500 X128.363 Y123.838
M204 S500
G1 F1500 X100.689 Y96.163 E181.92399
M204 S2000
G0 F7500 X100.123 Y96.163
M204 S500
G1 F1500 X127.798 Y123.838 E183.22574
M204 S2000
G0 F7500 X127.232 Y123.838
M204 S500
G1 F1500 X99.557 Y96.163 E184.52748
M204 S2000
G0 F7500 X98.992 Y96.163
M204 S500
G1 F1500 X126.666 Y123.838 E185.82921
M204 S2000
G0 F7500 X126.101 Y123.838
M204 S500
G1 F1500 X98.426 Y96.163 E187.13096
M204 S2000
G0 F7500 X97.86 Y96.163
M204 S500
G1 F1500 X125.535 Y123.838 E188.4327
M204 S2000
G0 F7500 X124.969 Y123.837
M204 S500
G1 F1500 X97.295 Y96.163 E189.7344
M204 S2000
G0 F7500 X96.728 Y96.162
M204 S500
G1 F1500 X124.403 Y123.837 E191.03615
M204 S2000
G0 F7500 X123.837 Y123.837
M204 S500
G1 F1500 X96.162 Y96.162 E192.3379
M204 S2000
G0 F7500 X95.597 Y96.162
M204 S500
G1 F1500 X123.272 Y123.837 E193.63964
M204 S2000
G0 F7500 X122.706 Y123.837
M204 S500
G1 F1500 X95.031 Y96.162 E194.94139
M204 S2000
G0 F7500 X94.465 Y96.162
M204 S500
G1 F1500 X122.14 Y123.837 E196.24314
M204 S2000
G0 F7500 X121.574 Y123.837
M204 S500
G1 F1500 X93.9 Y96.162 E197.54486
M204 S2000
G0 F7500 X93.334 Y96.162
M204 S500
G1 F1500 X121.009 Y123.837 E198.84661
M204 S2000
G0 F7500 X120.442 Y123.837
M204 S500
G1 F1500 X92.768 Y96.162 E200.14833
M204 S2000
G0 F7500 X92.203 Y96.162
M204 S500
G1 F1500 X119.877 Y123.837 E201.45006
M204 S2000
G0 F7500 X119.311 Y123.837
M204 S500
G1 F1500 X91.636 Y96.162 E202.7518
M204 S2000
G0 F7500 X91.071 Y96.162
M204 S500
G1 F1500 X118.745 Y123.837 E204.05353
M204 S2000
G0 F7500 X118.18 Y123.837
M204 S500
G1 F1500 X90.505 Y96.162 E205.35527
M204 S2000
G0 F7500 X89.939 Y96.162
M204 S500
G1 F1500 X117.614 Y123.837 E206.65702
M204 S2000
G0 F7500 X117.048 Y123.837
M204 S500
G1 F1500 X89.374 Y96.162 E207.95874
M204 S2000
G0 F7500 X88.808 Y96.162
M204 S500
G1 F1500 X116.483 Y123.837 E209.26049
M204 S2000
G0 F7500 X115.916 Y123.836
M204 S500
G1 F1500 X88.242 Y96.162 E210.56219
M204 S2000
G0 F7500 X87.676 Y96.162
M204 S500
G1 F1500 X115.351 Y123.836 E211.86392
M204 S2000
G0 F7500 X114.785 Y123.836
M204 S500
G1 F1500 X87.111 Y96.162 E213.16562
M204 S2000
G0 F7500 X86.545 Y96.162
M204 S500
G1 F1500 X114.219 Y123.836 E214.46732
M204 S2000
G0 F7500 X113.653 Y123.836
M204 S500
G1 F1500 X86.206 Y96.388 E215.75836
M204 S2000
G0 F7500 X86.165 Y96.913
M204 S500
G1 F1500 X113.088 Y123.836 E217.02474
M204 S2000
G0 F7500 X112.522 Y123.836
M204 S500
G1 F1500 X86.165 Y97.479 E218.26449
M204 S2000
G0 F7500 X86.165 Y98.045
M204 S500
G1 F1500 X111.956 Y123.835 E219.4776
M204 S2000
G0 F7500 X111.39 Y123.835
M204 S500
G1 F1500 X86.165 Y98.61 E220.6641
M204 S2000
G0 F7500 X86.165 Y99.176
M204 S500
G1 F1500 X110.824 Y123.835 E221.82399
M204 S2000
G0 F7500 X110.259 Y123.835
M204 S500
G1 F1500 X86.165 Y99.742 E222.95727
M204 S2000
G0 F7500 X86.165 Y100.307
M204 S500
G1 F1500 X109.693 Y123.835 E224.06396
M204 S2000
G0 F7500 X109.127 Y123.835
M204 S500
G1 F1500 X86.165 Y100.873 E225.14402
M204 S2000
G0 F7500 X86.165 Y101.438
M204 S500
G1 F1500 X108.562 Y123.835 E226.1975
M204 S2000
G0 F7500 X107.996 Y123.835
M204 S500
G1 F1500 X86.165 Y102.004 E227.22437
M204 S2000
G0 F7500 X86.165 Y102.57
M204 S500
G1 F1500 X107.43 Y123.834 E228.22458
M204 S2000
G0 F7500 X106.864 Y123.834
M204 S500
G1 F1500 X86.165 Y103.135 E229.1982
M204 S2000
G0 F7500 X86.164 Y103.7
M204 S500
G1 F1500 X106.298 Y123.834 E230.14524
M204 S2000
G0 F7500 X105.732 Y123.834
M204 S500
G1 F1500 X86.164 Y104.266 E231.06566
M204 S2000
G0 F7500 X86.164 Y104.832
M204 S500
G1 F1500 X105.167 Y123.834 E231.95948
M204 S2000
G0 F7500 X104.601 Y123.834
M204 S500
G1 F1500 X86.164 Y105.397 E232.8267
M204 S2000
G0 F7500 X86.164 Y105.963
M204 S500
G1 F1500 X104.035 Y123.834 E233.6673
M204 S2000
G0 F7500 X103.469 Y123.834
M204 S500
G1 F1500 X86.164 Y106.529 E234.48127
M204 S2000
G0 F7500 X86.163 Y107.094
M204 S500
G1 F1500 X102.903 Y123.834 E235.26867
M204 S2000
G0 F7500 X102.338 Y123.834
M204 S500
G1 F1500 X86.163 Y107.659 E236.02949
M204 S2000
G0 F7500 X86.163 Y108.225
M204 S500
G1 F1500 X101.772 Y123.834 E236.76369
M204 S2000
G0 F7500 X101.206 Y123.834
M204 S500
G1 F1500 X86.163 Y108.791 E237.47127
M204 S2000
G0 F7500 X86.163 Y109.356
M204 S500
G1 F1500 X100.641 Y123.834 E238.15227
M204 S2000
G0 F7500 X100.075 Y123.834
M204 S500
G1 F1500 X86.163 Y109.922 E238.80665
M204 S2000
G0 F7500 X86.163 Y110.487
M204 S500
G1 F1500 X99.509 Y123.834 E239.43443
M204 S2000
G0 F7500 X98.943 Y123.833
M204 S500
G1 F1500 X86.163 Y111.053 E240.03556
M204 S2000
G0 F7500 X86.163 Y111.618
M204 S500
G1 F1500 X98.377 Y123.833 E240.61009
M204 S2000
G0 F7500 X97.811 Y123.833
M204 S500
G1 F1500 X86.163 Y112.184 E241.158
M204 S2000
G0 F7500 X86.163 Y112.75
M204 S500
G1 F1500 X97.246 Y123.833 E241.67931
M204 S2000
G0 F7500 X96.68 Y123.833
M204 S500
G1 F1500 X86.163 Y113.315 E242.17402
M204 S2000
G0 F7500 X86.162 Y113.88
M204 S500
G1 F1500 X96.114 Y123.833 E242.64216
M204 S2000
G0 F7500 X95.549 Y123.833
M204 S500
G1 F1500 X86.162 Y114.446 E243.08369
M204 S2000
G0 F7500 X86.162 Y115.012
M204 S500
G1 F1500 X94.982 Y123.832 E243.49856
M204 S2000
G0 F7500 X94.417 Y123.832
M204 S500
G1 F1500 X86.162 Y115.578 E243.88683
M204 S2000
G0 F7500 X86.162 Y116.143
M204 S500
G1 F1500 X93.851 Y123.832 E244.24849
M204 S2000
G0 F7500 X93.285 Y123.832
M204 S500
G1 F1500 X86.162 Y116.709 E244.58354
M204 S2000
G0 F7500 X86.161 Y117.274
M204 S500
G1 F1500 X92.72 Y123.832 E244.89203
M204 S2000
G0 F7500 X92.154 Y123.832
M204 S500
G1 F1500 X86.161 Y117.84 E245.1739
M204 S2000
G0 F7500 X86.161 Y118.405
M204 S500
G1 F1500 X91.588 Y123.832 E245.42917
M204 S2000
G0 F7500 X91.023 Y123.832
M204 S500
G1 F1500 X86.161 Y118.971 E245.65784
M204 S2000
G0 F7500 X86.161 Y119.537
M204 S500
G1 F1500 X90.456 Y123.832 E245.85986
M204 S2000
G0 F7500 X89.89 Y123.832
M204 S500
G1 F1500 X86.161 Y120.102 E246.03528
M204 S2000
G0 F7500 X86.16 Y120.667
M204 S500
G1 F1500 X89.325 Y123.832 E246.18416
M204 S2000
G0 F7500 X88.759 Y123.832
M204 S500
G1 F1500 X86.16 Y121.233 E246.30641
M204 S2000
G0 F7500 X86.16 Y121.799
M204 S500
G1 F1500 X88.193 Y123.832 E246.40203
M204 S2000
G0 F7500 X87.628 Y123.832
M204 S500
G1 F1500 X86.16 Y122.364 E246.47108
M204 S2000
G0 F7500 X86.16 Y122.93
M204 S500
G1 F1500 X87.062 Y123.832 E246.51351
M204 S2000
G0 F7500 X86.494 Y123.829
M204 S500
G1 F1500 X86.16 Y123.496 E246.5292
M104 S200
M204 S2000
;MESH:NONMESH
G0 F300 X86.16 Y123.496 Z0.4
G0 F7500 X86.39 Y124.4
;TIME_ELAPSED:314.299639
;LAYER:1
M106 S85
M204 S500
;TYPE:WALL-INNER
;MESH:ParametricSnapInCP2102-CaseTop.stl
G1 F1650 X133.605 Y124.399 E248.09957
G1 X133.82 Y124.336 E248.10702
G1 X134.14 Y124.147 E248.11939
G1 X134.333 Y123.826 E248.13184
G1 X134.398 Y123.613 E248.13925
G1 X134.399 Y96.395 E249.04452
G1 X134.336 Y96.18 E249.05198
G1 X134.147 Y95.86 E249.06434
G1 X133.826 Y95.668 E249.07678
G1 X133.613 Y95.603 E249.08418
G1 X86.374 Y95.606 E250.65536
G1 X86.179 Y95.664 E250.66213
G1 X85.932 Y95.81 E250.67167
G1 X85.784 Y95.966 E250.67882
G1 X85.663 Y96.176 E250.68688
G1 X85.6 Y96.39 E250.6943
G1 X85.606 Y123.626 E251.60018
G1 X85.664 Y123.821 E251.60694
G1 X85.81 Y124.068 E251.61649
G1 X85.966 Y124.216 E251.62364
G1 X86.176 Y124.337 E251.6317
G1 X86.39 Y124.4 E251.63912
M204 S2000
G0 F8250 X86.332 Y124.8
M204 S500
;TYPE:WALL-OUTER
G1 F1650 X133.663 Y124.799 E253.21335
G1 X133.981 Y124.706 E253.22437
G1 X134.327 Y124.501 E253.23775
G1 X134.497 Y124.33 E253.24577
G1 X134.701 Y123.989 E253.25899
G1 X134.798 Y123.673 E253.26998
G1 X134.799 Y96.337 E254.17918
G1 X134.706 Y96.019 E254.1902
G1 X134.501 Y95.673 E254.20358
G1 X134.33 Y95.503 E254.21159
G1 X133.989 Y95.299 E254.22481
G1 X133.673 Y95.203 E254.2358
G1 X86.316 Y95.206 E255.8109
G1 X86.019 Y95.294 E255.8212
G1 X85.681 Y95.493 E255.83424
G1 X85.46 Y95.725 E255.8449
G1 X85.293 Y96.018 E255.85612
G1 X85.2 Y96.332 E255.86701
G1 X85.206 Y123.684 E256.77674
G1 X85.294 Y123.981 E256.78704
G1 X85.493 Y124.319 E256.80009
G1 X85.725 Y124.54 E256.81075
G1 X86.018 Y124.707 E256.82196
G1 X86.332 Y124.8 E256.83286
M204 S2000
G1 F2400 E256.03286
G0 F8250 X86.521 Y124.3
G0 X133.581 Y124.238
G0 X134.1 Y124.018
G0 X133.878 Y123.884
M204 S500
;TYPE:SKIN
G1 F2400 E256.83286
G1 F1650 X133.555 Y124.039 E256.84477
G1 X86.452 Y124.04 E258.41142
G1 X86.179 Y123.921 E258.42133
G1 X86.099 Y123.844 E258.42502
G1 X85.967 Y123.563 E258.43535
G1 X85.96 Y96.452 E259.33706
G1 X86.08 Y96.178 E259.34701
G1 X86.156 Y96.099 E259.35066
G1 X86.437 Y95.966 E259.361
G1 X133.616 Y95.964 E260.93018
G1 X133.885 Y96.124 E260.94059
G1 X134.038 Y96.445 E260.95242
G1 X134.038 Y123.558 E261.8542
G1 X133.878 Y123.884 E261.86628
M204 S2000
G0 F8250 X133.569 Y123.817
M204 S500
G1 F1650 X133.815 Y123.571 E261.87785
M204 S2000
G0 F8250 X133.837 Y122.983
M204 S500
G1 F1650 X132.982 Y123.839 E261.91809
M204 S2000
G0 F8250 X132.416 Y123.839
M204 S500
G1 F1650 X133.837 Y122.417 E261.98495
M204 S2000
G0 F8250 X133.837 Y121.852
M204 S500
G1 F1650 X131.85 Y123.839 E262.07841
M204 S2000
G0 F8250 X131.284 Y123.839
M204 S500
G1 F1650 X133.837 Y121.286 E262.1985
M204 S2000
G0 F8250 X133.837 Y120.72
M204 S500
G1 F1650 X130.719 Y123.839 E262.34518
M204 S2000
G0 F8250 X130.153 Y123.839
M204 S500
G1 F1650 X133.837 Y120.155 E262.51847
M204 S2000
G0 F8250 X133.837 Y119.589
M204 S500
G1 F1650 X129.587 Y123.839 E262.71837
M204 S2000
G0 F8250 X129.022 Y123.839
M204 S500
G1 F1650 X133.837 Y119.023 E262.94488
M204 S2000
G0 F8250 X133.837 Y118.458
M204 S500
G1 F1650 X128.456 Y123.839 E263.19799
M204 S2000
G0 F8250 X127.89 Y123.839
M204 S500
G1 F1650 X133.837 Y117.892 E263.47772
M204 S2000
G0 F8250 X133.837 Y117.326
M204 S500
G1 F1650 X127.325 Y123.839 E263.78404
M204 S2000
G0 F8250 X126.759 Y123.839
M204 S500
G1 F1650 X133.837 Y116.761 E264.11697
M204 S2000
G0 F8250 X133.837 Y116.195
M204 S500
G1 F1650 X126.193 Y123.839 E264.47652
M204 S2000
G0 F8250 X125.628 Y123.839
M204 S500
G1 F1650 X133.837 Y115.629 E264.86267
M204 S2000
G0 F8250 X133.837 Y115.063
M204 S500
G1 F1650 X125.062 Y123.839 E265.27544
M204 S2000
G0 F8250 X124.496 Y123.839
M204 S500
G1 F1650 X133.837 Y114.498 E265.71482
M204 S2000
G0 F8250 X133.837 Y113.932
M204 S500
G1 F1650 X123.931 Y123.839 E266.18079
M204 S2000
G0 F8250 X123.365 Y123.839
M204 S500
G1 F1650 X133.837 Y113.366 E266.67338
M204 S2000
G0 F8250 X133.837 Y112.801
M204 S500
G1 F1650 X122.799 Y123.839 E267.19257
M204 S2000
G0 F8250 X122.234 Y123.839
M204 S500
G1 F1650 X133.837 Y112.235 E267.73837
M204 S2000
G0 F8250 X133.837 Y111.669
M204 S500
G1 F1650 X121.668 Y123.839 E268.31078
M204 S2000
G0 F8250 X121.102 Y123.839
M204 S500
G1 F1650 X133.837 Y111.104 E268.9098
M204 S2000
G0 F8250 X133.837 Y110.538
M204 S500
G1 F1650 X120.536 Y123.839 E269.53544
M204 S2000
G0 F8250 X119.971 Y123.839
M204 S500
G1 F1650 X133.837 Y109.972 E270.18767
M204 S2000
G0 F8250 X133.837 Y109.407
M204 S500
G1 F1650 X119.405 Y123.839 E270.86651
M204 S2000
G0 F8250 X118.839 Y123.839
M204 S500
G1 F1650 X133.837 Y108.841 E271.57197
M204 S2000
G0 F8250 X133.837 Y108.275
M204 S500
G1 F1650 X118.274 Y123.839 E272.30403
M204 S2000
G0 F8250 X117.708 Y123.839
M204 S500
G1 F1650 X133.837 Y107.71 E273.06269
M204 S2000
G0 F8250 X133.837 Y107.144
M204 S500
G1 F1650 X117.142 Y123.839 E273.84797
M204 S2000
G0 F8250 X116.577 Y123.839
M204 S500
G1 F1650 X133.837 Y106.578 E274.65985
M204 S2000
G0 F8250 X133.837 Y106.012
M204 S500
G1 F1650 X116.011 Y123.839 E275.49836
M204 S2000
G0 F8250 X115.445 Y123.839
M204 S500
G1 F1650 X133.837 Y105.447 E276.36346
M204 S2000
G0 F8250 X133.837 Y104.881
M204 S500
G1 F1650 X114.88 Y123.839 E277.25516
M204 S2000
G0 F8250 X114.314 Y123.839
M204 S500
G1 F1650 X133.837 Y104.315 E278.17349
M204 S2000
G0 F8250 X133.837 Y103.75
M204 S500
G1 F1650 X113.748 Y123.839 E279.11841
M204 S2000
G0 F8250 X113.183 Y123.839
M204 S500
G1 F1650 X133.837 Y103.184 E280.08994
M204 S2000
G0 F8250 X133.837 Y102.618
M204 S500
G1 F1650 X112.617 Y123.839 E281.08808
M204 S2000
G0 F8250 X112.051 Y123.839
M204 S500
G1 F1650 X133.837 Y102.053 E282.11283
M204 S2000
G0 F8250 X133.837 Y101.487
M204 S500
G1 F1650 X111.485 Y123.839 E283.1642
M204 S2000
G0 F8250 X110.92 Y123.839
M204 S500
G1 F1650 X133.837 Y100.921 E284.24217
M204 S2000
G0 F8250 X133.837 Y100.356
M204 S500
G1 F1650 X110.354 Y123.839 E285.34674
M204 S2000
G0 F8250 X109.788 Y123.839
M204 S500
G1 F1650 X133.837 Y99.79 E286.47793
M204 S2000
G0 F8250 X133.837 Y99.224
M204 S500
G1 F1650 X109.223 Y123.839 E287.63572
M204 S2000
G0 F8250 X108.657 Y123.839
M204 S500
G1 F1650 X133.837 Y98.659 E288.82011
M204 S2000
G0 F8250 X133.837 Y98.093
M204 S500
G1 F1650 X108.091 Y123.839 E290.03112
M204 S2000
G0 F8250 X107.526 Y123.839
M204 S500
G1 F1650 X133.837 Y97.527 E291.26873
M204 S2000
G0 F8250 X133.837 Y96.962
M204 S500
G1 F1650 X106.96 Y123.839 E292.53295
M204 S2000
G0 F8250 X106.394 Y123.839
M204 S500
G1 F1650 X133.811 Y96.422 E293.82256
M204 S2000
G0 F8250 X133.503 Y96.164
M204 S500
G1 F1650 X105.829 Y123.839 E295.12428
M204 S2000
G0 F8250 X105.263 Y123.839
M204 S500
G1 F1650 X132.938 Y96.164 E296.42603
M204 S2000
G0 F8250 X132.372 Y96.164
M204 S500
G1 F1650 X104.697 Y123.839 E297.72778
M204 S2000
G0 F8250 X104.132 Y123.839
M204 S500
G1 F1650 X131.806 Y96.164 E299.0295
M204 S2000
G0 F8250 X131.241 Y96.164
M204 S500
G1 F1650 X103.566 Y123.839 E300.33125
M204 S2000
G0 F8250 X103 Y123.839
M204 S500
G1 F1650 X130.675 Y96.164 E301.63299
M204 S2000
G0 F8250 X130.109 Y96.164
M204 S500
G1 F1650 X102.435 Y123.839 E302.93472
M204 S2000
G0 F8250 X101.869 Y123.839
M204 S500
G1 F1650 X129.544 Y96.164 E304.23646
M204 S2000
G0 F8250 X128.978 Y96.164
M204 S500
G1 F1650 X101.303 Y123.839 E305.53821
M204 S2000
G0 F8250 X100.737 Y123.839
M204 S500
G1 F1650 X128.412 Y96.164 E306.83996
M204 S2000
G0 F8250 X127.847 Y96.164
M204 S500
G1 F1650 X100.172 Y123.839 E308.14171
M204 S2000
G0 F8250 X99.606 Y123.839
M204 S500
G1 F1650 X127.281 Y96.164 E309.44345
M204 S2000
G0 F8250 X126.715 Y96.164
M204 S500
G1 F1650 X99.04 Y123.839 E310.7452
M204 S2000
G0 F8250 X98.475 Y123.839
M204 S500
G1 F1650 X126.149 Y96.164 E312.04692
M204 S2000
G0 F8250 X125.584 Y96.164
M204 S500
G1 F1650 X97.909 Y123.839 E313.34867
M204 S2000
G0 F8250 X97.343 Y123.839
M204 S500
G1 F1650 X125.018 Y96.164 E314.65042
M204 S2000
G0 F8250 X124.452 Y96.164
M204 S500
G1 F1650 X96.778 Y123.839 E315.95214
M204 S2000
G0 F8250 X96.212 Y123.839
M204 S500
G1 F1650 X123.887 Y96.164 E317.25389
M204 S2000
G0 F8250 X123.321 Y96.164
M204 S500
G1 F1650 X95.646 Y123.839 E318.55564
M204 S2000
G0 F8250 X95.081 Y123.839
M204 S500
G1 F1650 X122.755 Y96.164 E319.85736
M204 S2000
G0 F8250 X122.19 Y96.164
M204 S500
G1 F1650 X94.515 Y123.839 E321.15911
M204 S2000
G0 F8250 X93.949 Y123.839
M204 S500
G1 F1650 X121.624 Y96.164 E322.46085
M204 S2000
G0 F8250 X121.058 Y96.164
M204 S500
G1 F1650 X93.384 Y123.839 E323.76258
M204 S2000
G0 F8250 X92.818 Y123.839
M204 S500
G1 F1650 X120.493 Y96.164 E325.06433
M204 S2000
G0 F8250 X119.927 Y96.164
M204 S500
G1 F1650 X92.252 Y123.839 E326.36607
M204 S2000
G0 F8250 X91.687 Y123.839
M204 S500
G1 F1650 X119.361 Y96.164 E327.6678
M204 S2000
G0 F8250 X118.796 Y96.164
M204 S500
G1 F1650 X91.121 Y123.839 E328.96954
M204 S2000
G0 F8250 X90.555 Y123.839
M204 S500
G1 F1650 X118.23 Y96.164 E330.27129
M204 S2000
G0 F8250 X117.664 Y96.164
M204 S500
G1 F1650 X89.989 Y123.839 E331.57304
M204 S2000
G0 F8250 X89.424 Y123.839
M204 S500
G1 F1650 X117.099 Y96.164 E332.87478
M204 S2000
G0 F8250 X116.533 Y96.164
M204 S500
G1 F1650 X88.858 Y123.839 E334.17653
M204 S2000
G0 F8250 X88.292 Y123.839
M204 S500
G1 F1650 X115.967 Y96.164 E335.47828
M204 S2000
G0 F8250 X115.401 Y96.164
M204 S500
G1 F1650 X87.727 Y123.839 E336.78
M204 S2000
G0 F8250 X87.161 Y123.839
M204 S500
G1 F1650 X114.836 Y96.164 E338.08175
M204 S2000
G0 F8250 X114.27 Y96.164
M204 S500
G1 F1650 X86.595 Y123.839 E339.3835
M204 S2000
G0 F8250 X86.231 Y123.637
M204 S500
G1 F1650 X113.704 Y96.164 E340.67574
M204 S2000
G0 F8250 X113.139 Y96.164
M204 S500
G1 F1650 X86.167 Y123.136 E341.94442
M204 S2000
G0 F8250 X86.167 Y122.57
M204 S500
G1 F1650 X112.573 Y96.164 E343.18648
M204 S2000
G0 F8250 X112.007 Y96.164
M204 S500
G1 F1650 X86.167 Y122.004 E344.40191
M204 S2000
G0 F8250 X86.167 Y121.439
M204 S500
G1 F1650 X111.442 Y96.164 E345.59077
M204 S2000
G0 F8250 X110.876 Y96.164
M204 S500
G1 F1650 X86.166 Y120.874 E346.75306
M204 S2000
G0 F8250 X86.166 Y120.308
M204 S500
G1 F1650 X110.31 Y96.164 E347.88872
M204 S2000
G0 F8250 X109.745 Y96.164
M204 S500
G1 F1650 X86.166 Y119.742 E348.99778
M204 S2000
G0 F8250 X86.166 Y119.177
M204 S500
G1 F1650 X109.179 Y96.164 E350.08024
M204 S2000
G0 F8250 X108.613 Y96.164
M204 S500
G1 F1650 X86.166 Y118.611 E351.13607
M204 S2000
G0 F8250 X86.165 Y118.046
M204 S500
G1 F1650 X108.048 Y96.164 E352.16536
M204 S2000
G0 F8250 X107.482 Y96.164
M204 S500
G1 F1650 X86.165 Y117.48 E353.16802
M204 S2000
G0 F8250 X86.165 Y116.915
M204 S500
G1 F1650 X106.916 Y96.164 E354.14409
M204 S2000
G0 F8250 X106.35 Y96.164
M204 S500
G1 F1650 X86.165 Y116.349 E355.09353
M204 S2000
G0 F8250 X86.165 Y115.784
M204 S500
G1 F1650 X105.785 Y96.164 E356.01639
M204 S2000
G0 F8250 X105.219 Y96.164
M204 S500
G1 F1650 X86.165 Y115.218 E356.91263
M204 S2000
G0 F8250 X86.165 Y114.653
M204 S500
G1 F1650 X104.653 Y96.164 E357.78228
M204 S2000
G0 F8250 X104.088 Y96.164
M204 S500
G1 F1650 X86.165 Y114.087 E358.62532
M204 S2000
G0 F8250 X86.164 Y113.522
M204 S500
G1 F1650 X103.522 Y96.164 E359.44179
M204 S2000
G0 F8250 X102.956 Y96.164
M204 S500
G1 F1650 X86.164 Y112.956 E360.23163
M204 S2000
G0 F8250 X86.164 Y112.391
M204 S500
G1 F1650 X102.391 Y96.164 E360.9949
M204 S2000
G0 F8250 X101.825 Y96.164
M204 S500
G1 F1650 X86.164 Y111.825 E361.73154
M204 S2000
G0 F8250 X86.164 Y111.259
M204 S500
G1 F1650 X101.259 Y96.164 E362.44157
M204 S2000
G0 F8250 X100.694 Y96.164
M204 S500
G1 F1650 X86.163 Y110.694 E363.12504
M204 S2000
G0 F8250 X86.163 Y110.129
M204 S500
G1 F1650 X100.128 Y96.164 E363.78191
M204 S2000
G0 F8250 X99.562 Y96.164
M204 S500
G1 F1650 X86.163 Y109.563 E364.41216
M204 S2000
G0 F8250 X86.163 Y108.997
M204 S500
G1 F1650 X98.997 Y96.164 E365.0158
M204 S2000
G0 F8250 X98.431 Y96.164
M204 S500
G1 F1650 X86.163 Y108.432 E365.59285
M204 S2000
G0 F8250 X86.163 Y107.867
M204 S500
G1 F1650 X97.865 Y96.164 E366.1433
M204 S2000
G0 F8250 X97.3 Y96.164
M204 S500
G1 F1650 X86.163 Y107.301 E366.66715
M204 S2000
G0 F8250 X86.163 Y106.735
M204 S500
G1 F1650 X96.734 Y96.164 E367.16438
M204 S2000
G0 F8250 X96.168 Y96.164
M204 S500
G1 F1650 X86.162 Y106.17 E367.63503
M204 S2000
G0 F8250 X86.162 Y105.604
M204 S500
G1 F1650 X95.602 Y96.164 E368.07906
M204 S2000
G0 F8250 X95.037 Y96.164
M204 S500
G1 F1650 X86.162 Y105.039 E368.49651
M204 S2000
G0 F8250 X86.162 Y104.473
M204 S500
G1 F1650 X94.471 Y96.164 E368.88734
M204 S2000
G0 F8250 X93.905 Y96.164
M204 S500
G1 F1650 X86.162 Y103.907 E369.25155
M204 S2000
G0 F8250 X86.161 Y103.342
M204 S500
G1 F1650 X93.34 Y96.164 E369.5892
M204 S2000
G0 F8250 X92.774 Y96.164
M204 S500
G1 F1650 X86.161 Y102.777 E369.90026
M204 S2000
G0 F8250 X86.161 Y102.211
M204 S500
G1 F1650 X92.208 Y96.164 E370.18469
M204 S2000
G0 F8250 X91.643 Y96.164
M204 S500
G1 F1650 X86.161 Y101.645 E370.44253
M204 S2000
G0 F8250 X86.16 Y101.08
M204 S500
G1 F1650 X91.077 Y96.164 E370.67378
M204 S2000
G0 F8250 X90.511 Y96.164
M204 S500
G1 F1650 X86.16 Y100.515 E370.87844
M204 S2000
G0 F8250 X86.16 Y99.949
M204 S500
G1 F1650 X89.946 Y96.164 E371.0565
M204 S2000
G0 F8250 X89.38 Y96.164
M204 S500
G1 F1650 X86.16 Y99.383 E371.20793
M204 S2000
G0 F8250 X86.16 Y98.818
M204 S500
G1 F1650 X88.814 Y96.164 E371.33277
M204 S2000
G0 F8250 X88.249 Y96.164
M204 S500
G1 F1650 X86.16 Y98.253 E371.43103
M204 S2000
G0 F8250 X86.16 Y97.687
M204 S500
G1 F1650 X87.683 Y96.164 E371.50267
M204 S2000
G0 F8250 X87.117 Y96.164
M204 S500
G1 F1650 X86.16 Y97.121 E371.54768
M204 S2000
G0 F8250 X86.16 Y96.556
M204 S500
G1 F1650 X86.551 Y96.164 E371.5661
M204 S2000
G1 F2400 E370.7661
;MESH:NONMESH
G0 F300 X86.551 Y96.164 Z0.6
G0 F8250 X86.551 Y95.705
G0 X133.672 Y95.765
G0 X134.029 Y95.977
G0 X134.238 Y96.419
G0 X134.237 Y123.589
G0 X134.065 Y123.945
G0 X133.801 Y124.231
G0 X133.84 Y124.328
;TIME_ELAPSED:464.245744
;LAYER:2
M106 S170
M204 S500
;TYPE:WALL-INNER
;MESH:ParametricSnapInCP2102-CaseTop.stl
G1 F2400 E371.5661
G1 F1800 X134.187 Y124.073 E371.58042
G1 X134.365 Y123.775 E371.59196
G1 X134.398 Y123.537 E371.59996
G1 X134.399 Y96.419 E372.5019
G1 X134.328 Y96.16 E372.51084
G1 X134.073 Y95.813 E372.52516
G1 X133.774 Y95.636 E372.53672
G1 X133.537 Y95.603 E372.54467
G1 X86.541 Y95.601 E374.10777
G1 X86.214 Y95.641 E374.11872
G1 X85.976 Y95.776 E374.12783
G1 X85.775 Y95.978 E374.1373
G1 X85.629 Y96.288 E374.1487
G1 X85.6 Y96.523 E374.15658
G1 X85.6 Y123.459 E375.05247
G1 X85.641 Y123.786 E375.06343
G1 X85.776 Y124.024 E375.07253
G1 X85.978 Y124.225 E375.08201
G1 X86.288 Y124.37 E375.09339
G1 X86.523 Y124.4 E375.10127
G1 X133.581 Y124.4 E376.66643
G1 X133.84 Y124.328 E376.67537
M204 S2000
G1 F2400 E375.87537
G0 F9000 X133.84 Y124.209
G0 X86.233 Y124.237
G0 X86.086 Y124.749
M204 S500
;TYPE:WALL-OUTER
G1 F2400 E376.67537
G1 F1800 X86.499 Y124.8 E376.68921
G1 X133.635 Y124.8 E378.25696
G1 X133.994 Y124.7 E378.26935
G1 X134.272 Y124.543 E378.27997
G1 X134.502 Y124.325 E378.29051
G1 X134.75 Y123.91 E378.30659
G1 X134.798 Y123.565 E378.31818
G1 X134.799 Y96.365 E379.22285
G1 X134.7 Y96.006 E379.23524
G1 X134.543 Y95.728 E379.24586
G1 X134.325 Y95.498 E379.2564
G1 X133.91 Y95.25 E379.27248
G1 X133.565 Y95.203 E379.28406
G1 X86.517 Y95.201 E380.84888
G1 X86.086 Y95.254 E380.86333
G1 X85.731 Y95.455 E380.87689
G1 X85.454 Y95.733 E380.88995
G1 X85.251 Y96.086 E380.90349
G1 X85.2 Y96.499 E380.91733
G1 X85.2 Y123.483 E381.81482
G1 X85.254 Y123.915 E381.8293
G1 X85.455 Y124.269 E381.84284
G1 X85.733 Y124.546 E381.8559
G1 X86.086 Y124.749 E381.86944
M204 S2000
G0 F9000 X86.424 Y124.04
M204 S500
;TYPE:SKIN
G1 F1800 X86.195 Y123.93 E381.87789
G1 X86.069 Y123.807 E381.88375
G1 X85.988 Y123.64 E381.88992
G1 X85.96 Y123.433 E381.89687
G1 X85.96 Y96.421 E382.79529
G1 X86.068 Y96.193 E382.80368
G1 X86.191 Y96.07 E382.80947
G1 X86.41 Y95.962 E382.81759
G1 X133.618 Y95.963 E384.38773
G1 X133.837 Y96.094 E384.39622
G1 X133.996 Y96.31 E384.40514
G1 X134.038 Y96.466 E384.41051
G1 X134.038 Y123.621 E385.31369
G1 X133.908 Y123.835 E385.32202
G1 X133.692 Y123.995 E385.33096
G1 X133.533 Y124.039 E385.33645
G1 X86.424 Y124.04 E386.9033
M204 S2000
G0 F9000 X86.16 Y123.495
M204 S500
G1 F1800 X86.503 Y123.839 E386.91946
M204 S2000
G0 F9000 X87.069 Y123.839
M204 S500
G1 F1800 X86.16 Y122.929 E386.96224
M204 S2000
G0 F9000 X86.16 Y122.364
M204 S500
G1 F1800 X87.635 Y123.839 E387.03162
M204 S2000
G0 F9000 X88.2 Y123.839
M204 S500
G1 F1800 X86.16 Y121.798 E387.1276
M204 S2000
G0 F9000 X86.16 Y121.232
M204 S500
G1 F1800 X88.766 Y123.839 E387.2502
M204 S2000
G0 F9000 X89.332 Y123.839
M204 S500
G1 F1800 X86.16 Y120.667 E387.3994
M204 S2000
G0 F9000 X86.16 Y120.101
M204 S500
G1 F1800 X89.898 Y123.839 E387.57522
M204 S2000
G0 F9000 X90.463 Y123.839
M204 S500
G1 F1800 X86.16 Y119.535 E387.77765
M204 S2000
G0 F9000 X86.16 Y118.97
M204 S500
G1 F1800 X91.029 Y123.839 E388.00667
M204 S2000
G0 F9000 X91.595 Y123.839
M204 S500
G1 F1800 X86.16 Y118.404 E388.26232
M204 S2000
G0 F9000 X86.16 Y117.838
M204 S500
G1 F1800 X92.16 Y123.839 E388.54456
M204 S2000
G0 F9000 X92.726 Y123.839
M204 S500
G1 F1800 X86.16 Y117.272 E388.85343
M204 S2000
G0 F9000 X86.16 Y116.707
M204 S500
G1 F1800 X93.292 Y123.839 E389.1889
M204 S2000
G0 F9000 X93.857 Y123.839
M204 S500
G1 F1800 X86.16 Y116.141 E389.55096
M204 S2000
G0 F9000 X86.16 Y115.575
M204 S500
G1 F1800 X94.423 Y123.839 E389.93965
M204 S2000
G0 F9000 X94.989 Y123.839
M204 S500
G1 F1800 X86.16 Y115.01 E390.35494
M204 S2000
G0 F9000 X86.16 Y114.444
M204 S500
G1 F1800 X95.554 Y123.839 E390.79683
M204 S2000
G0 F9000 X96.12 Y123.839
M204 S500
G1 F1800 X86.16 Y113.878 E391.26534
M204 S2000
G0 F9000 X86.16 Y113.313
M204 S500
G1 F1800 X96.686 Y123.839 E391.76045
M204 S2000
G0 F9000 X97.251 Y123.839
M204 S500
G1 F1800 X86.16 Y112.747 E392.28216
M204 S2000
G0 F9000 X86.16 Y112.181
M204 S500
G1 F1800 X97.817 Y123.839 E392.8305
M204 S2000
G0 F9000 X98.383 Y123.839
M204 S500
G1 F1800 X86.16 Y111.616 E393.40543
M204 S2000
G0 F9000 X86.16 Y111.05
M204 S500
G1 F1800 X98.948 Y123.839 E394.00696
M204 S2000
G0 F9000 X99.514 Y123.839
M204 S500
G1 F1800 X86.16 Y110.484 E394.63511
M204 S2000
G0 F9000 X86.16 Y109.919
M204 S500
G1 F1800 X100.08 Y123.839 E395.28987
M204 S2000
G0 F9000 X100.646 Y123.839
M204 S500
G1 F1800 X86.16 Y109.353 E395.97125
M204 S2000
G0 F9000 X86.16 Y108.787
M204 S500
G1 F1800 X101.211 Y123.839 E396.67922
M204 S2000
G0 F9000 X101.777 Y123.839
M204 S500
G1 F1800 X86.16 Y108.221 E397.41382
M204 S2000
G0 F9000 X86.16 Y107.656
M204 S500
G1 F1800 X102.343 Y123.839 E398.17502
M204 S2000
G0 F9000 X102.908 Y123.839
M204 S500
G1 F1800 X86.16 Y107.09 E398.96282
M204 S2000
G0 F9000 X86.16 Y106.524
M204 S500
G1 F1800 X103.474 Y123.839 E399.77724
M204 S2000
G0 F9000 X104.04 Y123.839
M204 S500
G1 F1800 X86.16 Y105.959 E400.61826
M204 S2000
G0 F9000 X86.16 Y105.393
M204 S500
G1 F1800 X104.605 Y123.839 E401.48588
M204 S2000
G0 F9000 X105.171 Y123.839
M204 S500
G1 F1800 X86.16 Y104.827 E402.38012
M204 S2000
G0 F9000 X86.16 Y104.262
M204 S500
G1 F1800 X105.737 Y123.839 E403.30096
M204 S2000
G0 F9000 X106.302 Y123.839
M204 S500
G1 F1800 X86.16 Y103.696 E404.24841
M204 S2000
G0 F9000 X86.16 Y103.13
M204 S500
G1 F1800 X106.868 Y123.839 E405.22247
M204 S2000
G0 F9000 X107.434 Y123.839
M204 S500
G1 F1800 X86.16 Y102.565 E406.22313
M204 S2000
G0 F9000 X86.16 Y101.999
M204 S500
G1 F1800 X107.999 Y123.839 E407.2504
M204 S2000
G0 F9000 X108.565 Y123.839
M204 S500
G1 F1800 X86.16 Y101.433 E408.30428
M204 S2000
G0 F9000 X86.16 Y100.868
M204 S500
G1 F1800 X109.131 Y123.839 E409.38477
M204 S2000
G0 F9000 X109.697 Y123.839
M204 S500
G1 F1800 X86.16 Y100.302 E410.49188
M204 S2000
G0 F9000 X86.16 Y99.736
M204 S500
G1 F1800 X110.262 Y123.839 E411.62558
M204 S2000
G0 F9000 X110.828 Y123.839
M204 S500
G1 F1800 X86.16 Y99.171 E412.78589
M204 S2000
G0 F9000 X86.16 Y98.605
M204 S500
G1 F1800 X111.394 Y123.839 E413.97282
M204 S2000
G0 F9000 X111.959 Y123.839
M204 S500
G1 F1800 X86.16 Y98.039 E415.18635
M204 S2000
G0 F9000 X86.16 Y97.473
M204 S500
G1 F1800 X112.525 Y123.839 E416.4265
M204 S2000
G0 F9000 X113.091 Y123.839
M204 S500
G1 F1800 X86.16 Y96.908 E417.69325
M204 S2000
G0 F9000 X86.199 Y96.382
M204 S500
G1 F1800 X113.656 Y123.839 E418.98475
M204 S2000
G0 F9000 X114.222 Y123.839
M204 S500
G1 F1800 X86.545 Y96.162 E420.28659
M204 S2000
G0 F9000 X87.111 Y96.162
M204 S500
G1 F1800 X114.788 Y123.839 E421.58843
M204 S2000
G0 F9000 X115.353 Y123.839
M204 S500
G1 F1800 X87.676 Y96.162 E422.89027
M204 S2000
G0 F9000 X88.242 Y96.162
M204 S500
G1 F1800 X115.919 Y123.839 E424.19211
M204 S2000
G0 F9000 X116.485 Y123.839
M204 S500
G1 F1800 X88.808 Y96.162 E425.49395
M204 S2000
G0 F9000 X89.374 Y96.162
M204 S500
G1 F1800 X117.05 Y123.839 E426.79577
M204 S2000
G0 F9000 X117.616 Y123.839
M204 S500
G1 F1800 X89.939 Y96.162 E428.09761
M204 S2000
G0 F9000 X90.505 Y96.162
M204 S500
G1 F1800 X118.182 Y123.839 E429.39945
M204 S2000
G0 F9000 X118.747 Y123.839
M204 S500
G1 F1800 X91.071 Y96.162 E430.70127
M204 S2000
G0 F9000 X91.636 Y96.162
M204 S500
G1 F1800 X119.313 Y123.839 E432.00311
M204 S2000
G0 F9000 X119.879 Y123.839
M204 S500
G1 F1800 X92.202 Y96.162 E433.30495
M204 S2000
G0 F9000 X92.768 Y96.162
M204 S500
G1 F1800 X120.445 Y123.839 E434.60679
M204 S2000
G0 F9000 X121.01 Y123.839
M204 S500
G1 F1800 X93.333 Y96.162 E435.90864
M204 S2000
G0 F9000 X93.899 Y96.162
M204 S500
G1 F1800 X121.576 Y123.839 E437.21048
M204 S2000
G0 F9000 X122.142 Y123.839
M204 S500
G1 F1800 X94.465 Y96.162 E438.51232
M204 S2000
G0 F9000 X95.03 Y96.162
M204 S500
G1 F1800 X122.707 Y123.839 E439.81416
M204 S2000
G0 F9000 X123.273 Y123.839
M204 S500
G1 F1800 X95.596 Y96.162 E441.116
M204 S2000
G0 F9000 X96.162 Y96.162
M204 S500
G1 F1800 X123.839 Y123.839 E442.41784
M204 S2000
G0 F9000 X124.404 Y123.839
M204 S500
G1 F1800 X96.727 Y96.162 E443.71968
M204 S2000
G0 F9000 X97.293 Y96.162
M204 S500
G1 F1800 X124.97 Y123.839 E445.02152
M204 S2000
G0 F9000 X125.536 Y123.839
M204 S500
G1 F1800 X97.859 Y96.162 E446.32337
M204 S2000
G0 F9000 X98.425 Y96.162
M204 S500
G1 F1800 X126.101 Y123.839 E447.62518
M204 S2000
G0 F9000 X126.667 Y123.839
M204 S500
G1 F1800 X98.99 Y96.162 E448.92702
M204 S2000
G0 F9000 X99.556 Y96.162
M204 S500
G1 F1800 X127.233 Y123.839 E450.22887
M204 S2000
G0 F9000 X127.798 Y123.839
M204 S500
G1 F1800 X100.122 Y96.162 E451.53068
M204 S2000
G0 F9000 X100.687 Y96.162
M204 S500
G1 F1800 X128.364 Y123.839 E452.83252
M204 S2000
G0 F9000 X128.93 Y123.839
M204 S500
G1 F1800 X101.253 Y96.162 E454.13437
M204 S2000
G0 F9000 X101.819 Y96.162
M204 S500
G1 F1800 X129.496 Y123.839 E455.43621
M204 S2000
G0 F9000 X130.061 Y123.839
M204 S500
G1 F1800 X102.384 Y96.162 E456.73805
M204 S2000
G0 F9000 X102.95 Y96.162
M204 S500
G1 F1800 X130.627 Y123.839 E458.03989
M204 S2000
G0 F9000 X131.193 Y123.839
M204 S500
G1 F1800 X103.516 Y96.162 E459.34173
M204 S2000
G0 F9000 X104.081 Y96.162
M204 S500
G1 F1800 X131.758 Y123.839 E460.64357
M204 S2000
G0 F9000 X132.324 Y123.839
M204 S500
G1 F1800 X104.647 Y96.162 E461.94541
M204 S2000
G0 F9000 X105.213 Y96.162
M204 S500
G1 F1800 X132.89 Y123.839 E463.24725
M204 S2000
G0 F9000 X133.455 Y123.839
M204 S500
G1 F1800 X105.778 Y96.162 E464.5491
M204 S2000
G0 F9000 X106.344 Y96.162
M204 S500
G1 F1800 X133.803 Y123.621 E465.84068
M204 S2000
G0 F9000 X133.837 Y123.089
M204 S500
G1 F1800 X106.91 Y96.162 E467.10725
M204 S2000
G0 F9000 X107.475 Y96.162
M204 S500
G1 F1800 X133.837 Y122.523 E468.34721
M204 S2000
G0 F9000 X133.837 Y121.958
M204 S500
G1 F1800 X108.041 Y96.162 E469.56058
M204 S2000
G0 F9000 X108.607 Y96.162
M204 S500
G1 F1800 X133.837 Y121.392 E470.74732
M204 S2000
G0 F9000 X133.837 Y120.826
M204 S500
G1 F1800 X109.173 Y96.162 E471.90744
M204 S2000
G0 F9000 X109.738 Y96.162
M204 S500
G1 F1800 X133.837 Y120.261 E473.04098
M204 S2000
G0 F9000 X133.837 Y119.695
M204 S500
G1 F1800 X110.305 Y96.162 E474.14788
M204 S2000
G0 F9000 X110.87 Y96.162
M204 S500
G1 F1800 X133.837 Y119.129 E475.22817
M204 S2000
G0 F9000 X133.837 Y118.564
M204 S500
G1 F1800 X111.436 Y96.162 E476.28187
M204 S2000
G0 F9000 X112.002 Y96.162
M204 S500
G1 F1800 X133.837 Y117.998 E477.30895
M204 S2000
G0 F9000 X133.837 Y117.432
M204 S500
G1 F1800 X112.567 Y96.162 E478.30942
M204 S2000
G0 F9000 X113.133 Y96.162
M204 S500
G1 F1800 X133.837 Y116.867 E479.2833
M204 S2000
G0 F9000 X133.837 Y116.301
M204 S500
G1 F1800 X113.699 Y96.162 E480.23055
M204 S2000
G0 F9000 X114.264 Y96.162
M204 S500
G1 F1800 X133.837 Y115.735 E481.15121
M204 S2000
G0 F9000 X133.837 Y115.17
M204 S500
G1 F1800 X114.83 Y96.162 E482.04526
M204 S2000
G0 F9000 X115.396 Y96.162
M204 S500
G1 F1800 X133.837 Y114.604 E482.91269
M204 S2000
G0 F9000 X133.837 Y114.038
M204 S500
G1 F1800 X115.961 Y96.162 E483.75352
M204 S2000
G0 F9000 X116.527 Y96.162
M204 S500
G1 F1800 X133.837 Y113.472 E484.56773
M204 S2000
G0 F9000 X133.837 Y112.907
M204 S500
G1 F1800 X117.093 Y96.162 E485.35534
M204 S2000
G0 F9000 X117.659 Y96.162
M204 S500
G1 F1800 X133.837 Y112.341 E486.11633
M204 S2000
G0 F9000 X133.837 Y111.775
M204 S500
G1 F1800 X118.224 Y96.162 E486.85072
M204 S2000
G0 F9000 X118.79 Y96.162
M204 S500
G1 F1800 X133.837 Y111.21 E487.55851
M204 S2000
G0 F9000 X133.837 Y110.644
M204 S500
G1 F1800 X119.356 Y96.162 E488.23967
M204 S2000
G0 F9000 X119.921 Y96.162
M204 S500
G1 F1800 X133.837 Y110.078 E488.89424
M204 S2000
G0 F9000 X133.837 Y109.513
M204 S500
G1 F1800 X120.487 Y96.162 E489.5222
M204 S2000
G0 F9000 X121.053 Y96.162
M204 S500
G1 F1800 X133.837 Y108.947 E490.12355
M204 S2000
G0 F9000 X133.837 Y108.381
M204 S500
G1 F1800 X121.618 Y96.162 E490.69829
M204 S2000
G0 F9000 X122.184 Y96.162
M204 S500
G1 F1800 X133.837 Y107.816 E491.24644
M204 S2000
G0 F9000 X133.837 Y107.25
M204 S500
G1 F1800 X122.75 Y96.162 E491.76796
M204 S2000
G0 F9000 X123.315 Y96.162
M204 S500
G1 F1800 X133.837 Y106.684 E492.26288
M204 S2000
G0 F9000 X133.837 Y106.119
M204 S500
G1 F1800 X123.881 Y96.162 E492.7312
M204 S2000
G0 F9000 X124.447 Y96.162
M204 S500
G1 F1800 X133.837 Y105.553 E493.1729
M204 S2000
G0 F9000 X133.837 Y104.987
M204 S500
G1 F1800 X125.012 Y96.162 E493.58801
M204 S2000
G0 F9000 X125.578 Y96.162
M204 S500
G1 F1800 X133.837 Y104.421 E493.97648
M204 S2000
G0 F9000 X133.837 Y103.856
M204 S500
G1 F1800 X126.144 Y96.162 E494.33836
M204 S2000
G0 F9000 X126.709 Y96.162
M204 S500
G1 F1800 X133.837 Y103.29 E494.67364
M204 S2000
G0 F9000 X133.837 Y102.724
M204 S500
G1 F1800 X127.275 Y96.162 E494.9823
M204 S2000
G0 F9000 X127.841 Y96.162
M204 S500
G1 F1800 X133.837 Y102.159 E495.26436
M204 S2000
G0 F9000 X133.837 Y101.593
M204 S500
G1 F1800 X128.407 Y96.162 E495.51979
M204 S2000
G0 F9000 X128.972 Y96.162
M204 S500
G1 F1800 X133.837 Y101.027 E495.74862
M204 S2000
G0 F9000 X133.837 Y100.462
M204 S500
G1 F1800 X129.538 Y96.162 E495.95086
M204 S2000
G0 F9000 X130.104 Y96.162
M204 S500
G1 F1800 X133.837 Y99.896 E496.12647
M204 S2000
G0 F9000 X133.837 Y99.33
M204 S500
G1 F1800 X130.669 Y96.162 E496.27548
M204 S2000
G0 F9000 X131.235 Y96.162
M204 S500
G1 F1800 X133.837 Y98.765 E496.3979
M204 S2000
G0 F9000 X133.837 Y98.199
M204 S500
G1 F1800 X131.801 Y96.162 E496.49369
M204 S2000
G0 F9000 X132.366 Y96.162
M204 S500
G1 F1800 X133.837 Y97.633 E496.56288
M204 S2000
G0 F9000 X133.837 Y97.068
M204 S500
G1 F1800 X132.932 Y96.162 E496.60547
M204 S2000
G0 F9000 X133.498 Y96.162
M204 S500
G1 F1800 X133.837 Y96.502 E496.62144
M204 S2000
;MESH:NONMESH
G0 F300 X133.837 Y96.502 Z0.8
G0 F9000 X134.298 Y96.503
G0 X134.236 Y123.674
G0 X133.901 Y124.164
G0 X133.606 Y124.4
;TIME_ELAPSED:602.968640
;LAYER:3
M106 S255
M204 S500
;TYPE:WALL-INNER
;MESH:ParametricSnapInCP2102-CaseTop.stl
G1 F1800 X134.035 Y124.218 E496.63694
G1 X134.185 Y124.075 E496.64383
G1 X134.333 Y123.827 E496.65344
G1 X134.398 Y123.613 E496.66088
G1 X134.399 Y96.394 E497.56619
G1 X134.218 Y95.965 E497.58167
G1 X134.075 Y95.815 E497.58857
G1 X133.827 Y95.667 E497.59817
G1 X133.613 Y95.602 E497.60561
G1 X86.468 Y95.602 E499.17366
G1 X86.283 Y95.63 E499.17988
G1 X85.969 Y95.779 E499.19144
G1 X85.811 Y95.928 E499.19866
G1 X85.674 Y96.154 E499.20746
G1 X85.6 Y96.392 E499.21574
G1 X85.602 Y123.533 E500.11846
G1 X85.63 Y123.717 E500.12465
G1 X85.779 Y124.031 E500.13621
G1 X85.928 Y124.188 E500.14341
G1 X86.154 Y124.326 E500.15221
G1 X86.392 Y124.4 E500.1605
G1 X133.606 Y124.4 E501.73085
M204 S2000
G1 F2400 E500.93085
G0 F9000 X133.638 Y124.283
G0 X86.416 Y124.239
G0 X86.092 Y124.156
G0 X86.331 Y124.8
M204 S500
;TYPE:WALL-OUTER
G1 F2400 E501.73085
G1 F1800 X133.666 Y124.8 E503.30522
G1 X133.994 Y124.699 E503.31663
G1 X134.275 Y124.542 E503.32734
G1 X134.501 Y124.327 E503.33771
G1 X134.701 Y123.99 E503.35075
G1 X134.798 Y123.673 E503.36177
G1 X134.799 Y96.334 E504.27107
G1 X134.699 Y96.006 E504.28248
G1 X134.542 Y95.725 E504.29318
G1 X134.327 Y95.499 E504.30356
G1 X133.99 Y95.299 E504.31659
G1 X133.673 Y95.202 E504.32762
G1 X86.438 Y95.202 E505.89866
G1 X86.061 Y95.259 E505.91134
G1 X85.726 Y95.458 E505.9243
G1 X85.497 Y95.675 E505.93479
G1 X85.307 Y95.988 E505.94697
G1 X85.2 Y96.331 E505.95892
G1 X85.202 Y123.562 E506.86463
G1 X85.259 Y123.939 E506.87731
G1 X85.458 Y124.274 E506.89027
G1 X85.675 Y124.502 E506.90074
G1 X85.988 Y124.693 E506.91294
G1 X86.331 Y124.8 E506.92489
M204 S2000
G1 F2400 E506.12489
G0 F9000 X86.092 Y124.156
G0 X86.416 Y124.239
G0 X133.584 Y124.239
G0 X134.04 Y124.073
G0 X133.874 Y123.896
M204 S500
;TYPE:SKIN
G1 F2400 E506.92489
G1 F1800 X133.54 Y124.04 E506.93698
G1 X86.444 Y124.04 E508.5034
G1 X86.312 Y123.998 E508.50801
G1 X86.067 Y123.807 E508.51834
G1 X85.962 Y123.585 E508.52651
G1 X85.96 Y96.457 E509.42879
G1 X86.124 Y96.103 E509.44177
G1 X86.418 Y95.962 E509.45261
G1 X133.549 Y95.963 E511.0202
G1 X133.852 Y96.105 E511.03133
G1 X133.92 Y96.176 E511.0346
G1 X134.038 Y96.456 E511.0447
G1 X134.038 Y123.55 E511.94585
G1 X133.874 Y123.896 E511.95859
M204 S2000
G0 F9000 X133.795 Y123.59
M204 S500
G1 F1800 X133.588 Y123.798 E511.96835
M204 S2000
G0 F9000 X132.98 Y123.84
M204 S500
G1 F1800 X133.836 Y122.984 E512.00861
M204 S2000
G0 F9000 X133.836 Y122.418
M204 S500
G1 F1800 X132.414 Y123.84 E512.0755
M204 S2000
G0 F9000 X131.849 Y123.84
M204 S500
G1 F1800 X133.836 Y121.852 E512.16898
M204 S2000
G0 F9000 X133.836 Y121.287
M204 S500
G1 F1800 X131.283 Y123.84 E512.28907
M204 S2000
G0 F9000 X130.717 Y123.84
M204 S500
G1 F1800 X133.836 Y120.721 E512.43578
M204 S2000
G0 F9000 X133.836 Y120.155
M204 S500
G1 F1800 X130.152 Y123.84 E512.60908
M204 S2000
G0 F9000 X129.586 Y123.84
M204 S500
G1 F1800 X133.836 Y119.59 E512.80899
M204 S2000
G0 F9000 X133.836 Y119.024
M204 S500
G1 F1800 X129.02 Y123.84 E513.03552
M204 S2000
G0 F9000 X128.455 Y123.84
M204 S500
G1 F1800 X133.836 Y118.458 E513.28865
M204 S2000
G0 F9000 X133.836 Y117.893
M204 S500
G1 F1800 X127.889 Y123.84 E513.56838
M204 S2000
G0 F9000 X127.323 Y123.84
M204 S500
G1 F1800 X133.836 Y117.327 E513.87473
M204 S2000
G0 F9000 X133.836 Y116.761
M204 S500
G1 F1800 X126.758 Y123.84 E514.20768
M204 S2000
G0 F9000 X126.192 Y123.84
M204 S500
G1 F1800 X133.836 Y116.196 E514.56723
M204 S2000
G0 F9000 X133.836 Y115.63
M204 S500
G1 F1800 X125.626 Y123.84 E514.9534
M204 S2000
G0 F9000 X125.061 Y123.84
M204 S500
G1 F1800 X133.836 Y115.064 E515.36618
M204 S2000
G0 F9000 X133.836 Y114.498
M204 S500
G1 F1800 X124.495 Y123.84 E515.80557
M204 S2000
G0 F9000 X123.929 Y123.84
M204 S500
G1 F1800 X133.836 Y113.933 E516.27157
M204 S2000
G0 F9000 X133.836 Y113.367
M204 S500
G1 F1800 X123.363 Y123.84 E516.76419
M204 S2000
G0 F9000 X122.798 Y123.84
M204 S500
G1 F1800 X133.836 Y112.801 E517.2834
M204 S2000
G0 F9000 X133.836 Y112.236
M204 S500
G1 F1800 X122.232 Y123.84 E517.82922
M204 S2000
G0 F9000 X121.666 Y123.84
M204 S500
G1 F1800 X133.836 Y111.67 E518.40166
M204 S2000
G0 F9000 X133.836 Y111.104
M204 S500
G1 F1800 X121.101 Y123.84 E519.0007
M204 S2000
G0 F9000 X120.535 Y123.84
M204 S500
G1 F1800 X133.836 Y110.539 E519.62634
M204 S2000
G0 F9000 X133.836 Y109.973
M204 S500
G1 F1800 X119.969 Y123.84 E520.2786
M204 S2000
G0 F9000 X119.404 Y123.84
M204 S500
G1 F1800 X133.836 Y109.407 E520.95746
M204 S2000
G0 F9000 X133.836 Y108.842
M204 S500
G1 F1800 X118.838 Y123.84 E521.66292
M204 S2000
G0 F9000 X118.272 Y123.84
M204 S500
G1 F1800 X133.836 Y108.276 E522.395
M204 S2000
G0 F9000 X133.836 Y107.71
M204 S500
G1 F1800 X117.707 Y123.84 E523.15368
M204 S2000
G0 F9000 X117.141 Y123.84
M204 S500
G1 F1800 X133.836 Y107.145 E523.93896
M204 S2000
G0 F9000 X133.836 Y106.579
M204 S500
G1 F1800 X116.575 Y123.84 E524.75087
M204 S2000
G0 F9000 X116.01 Y123.84
M204 S500
G1 F1800 X133.836 Y106.013 E525.58937
M204 S2000
G0 F9000 X133.836 Y105.448
M204 S500
G1 F1800 X115.444 Y123.84 E526.45448
M204 S2000
G0 F9000 X114.878 Y123.84
M204 S500
G1 F1800 X133.836 Y104.882 E527.3462
M204 S2000
G0 F9000 X133.836 Y104.316
M204 S500
G1 F1800 X114.313 Y123.84 E528.26453
M204 S2000
G0 F9000 X113.747 Y123.84
M204 S500
G1 F1800 X133.836 Y103.75 E529.20948
M204 S2000
G0 F9000 X133.836 Y103.185
M204 S500
G1 F1800 X113.181 Y123.84 E530.18102
M204 S2000
G0 F9000 X112.615 Y123.84
M204 S500
G1 F1800 X133.836 Y102.619 E531.17919
M204 S2000
G0 F9000 X133.836 Y102.053
M204 S500
G1 F1800 X112.05 Y123.84 E532.20397
M204 S2000
G0 F9000 X111.484 Y123.84
M204 S500
G1 F1800 X133.836 Y101.488 E533.25533
M204 S2000
G0 F9000 X133.836 Y100.922
M204 S500
G1 F1800 X110.918 Y123.84 E534.33333
M204 S2000
G0 F9000 X110.353 Y123.84
M204 S500
G1 F1800 X133.836 Y100.356 E535.43792
M204 S2000
G0 F9000 X133.836 Y99.791
M204 S500
G1 F1800 X109.788 Y123.839 E536.56906
M204 S2000
G0 F9000 X109.222 Y123.839
M204 S500
G1 F1800 X133.836 Y99.225 E537.72683
M204 S2000
G0 F9000 X133.836 Y98.659
M204 S500
G1 F1800 X108.656 Y123.839 E538.91122
M204 S2000
G0 F9000 X108.091 Y123.839
M204 S500
G1 F1800 X133.836 Y98.094 E540.12219
M204 S2000
G0 F9000 X133.836 Y97.528
M204 S500
G1 F1800 X107.525 Y123.839 E541.35977
M204 S2000
G0 F9000 X106.959 Y123.839
M204 S500
G1 F1800 X133.836 Y96.962 E542.62399
M204 S2000
G0 F9000 X133.805 Y96.428
M204 S500
G1 F1800 X106.394 Y123.839 E543.91332
M204 S2000
G0 F9000 X105.828 Y123.839
M204 S500
G1 F1800 X133.505 Y96.162 E545.21516
M204 S2000
G0 F9000 X132.94 Y96.162
M204 S500
G1 F1800 X105.262 Y123.839 E546.51702
M204 S2000
G0 F9000 X104.697 Y123.839
M204 S500
G1 F1800 X132.374 Y96.162 E547.81886
M204 S2000
G0 F9000 X131.808 Y96.162
M204 S500
G1 F1800 X104.131 Y123.839 E549.1207
M204 S2000
G0 F9000 X103.565 Y123.839
M204 S500
G1 F1800 X131.243 Y96.162 E550.42257
M204 S2000
G0 F9000 X130.677 Y96.162
M204 S500
G1 F1800 X103 Y123.839 E551.72441
M204 S2000
G0 F9000 X102.434 Y123.839
M204 S500
G1 F1800 X130.111 Y96.162 E553.02625
M204 S2000
G0 F9000 X129.546 Y96.162
M204 S500
G1 F1800 X101.868 Y123.839 E554.32812
M204 S2000
G0 F9000 X101.302 Y123.839
M204 S500
G1 F1800 X128.98 Y96.162 E555.62998
M204 S2000
G0 F9000 X128.414 Y96.162
M204 S500
G1 F1800 X100.737 Y123.839 E556.93182
M204 S2000
G0 F9000 X100.171 Y123.839
M204 S500
G1 F1800 X127.849 Y96.162 E558.23369
M204 S2000
G0 F9000 X127.283 Y96.162
M204 S500
G1 F1800 X99.605 Y123.839 E559.53555
M204 S2000
G0 F9000 X99.04 Y123.839
M204 S500
G1 F1800 X126.717 Y96.162 E560.83739
M204 S2000
G0 F9000 X126.152 Y96.162
M204 S500
G1 F1800 X98.474 Y123.839 E562.13926
M204 S2000
G0 F9000 X97.908 Y123.839
M204 S500
G1 F1800 X125.586 Y96.162 E563.44112
M204 S2000
G0 F9000 X125.02 Y96.162
M204 S500
G1 F1800 X97.343 Y123.839 E564.74296
M204 S2000
G0 F9000 X96.777 Y123.839
M204 S500
G1 F1800 X124.455 Y96.162 E566.04483
M204 S2000
G0 F9000 X123.889 Y96.162
M204 S500
G1 F1800 X96.211 Y123.839 E567.34669
M204 S2000
G0 F9000 X95.646 Y123.839
M204 S500
G1 F1800 X123.323 Y96.162 E568.64853
M204 S2000
G0 F9000 X122.757 Y96.162
M204 S500
G1 F1800 X95.08 Y123.839 E569.95038
M204 S2000
G0 F9000 X94.514 Y123.839
M204 S500
G1 F1800 X122.192 Y96.162 E571.25224
M204 S2000
G0 F9000 X121.626 Y96.162
M204 S500
G1 F1800 X93.949 Y123.839 E572.55408
M204 S2000
G0 F9000 X93.383 Y123.839
M204 S500
G1 F1800 X121.06 Y96.162 E573.85592
M204 S2000
G0 F9000 X120.495 Y96.162
M204 S500
G1 F1800 X92.817 Y123.839 E575.15779
M204 S2000
G0 F9000 X92.251 Y123.839
M204 S500
G1 F1800 X119.929 Y96.162 E576.45965
M204 S2000
G0 F9000 X119.363 Y96.162
M204 S500
G1 F1800 X91.686 Y123.839 E577.76149
M204 S2000
G0 F9000 X91.12 Y123.839
M204 S500
G1 F1800 X118.798 Y96.162 E579.06336
M204 S2000
G0 F9000 X118.232 Y96.162
M204 S500
G1 F1800 X90.554 Y123.839 E580.36522
M204 S2000
G0 F9000 X89.989 Y123.839
M204 S500
G1 F1800 X117.666 Y96.162 E581.66706
M204 S2000
G0 F9000 X117.101 Y96.162
M204 S500
G1 F1800 X89.423 Y123.839 E582.96893
M204 S2000
G0 F9000 X88.857 Y123.839
M204 S500
G1 F1800 X116.535 Y96.162 E584.27079
M204 S2000
G0 F9000 X115.969 Y96.162
M204 S500
G1 F1800 X88.292 Y123.839 E585.57263
M204 S2000
G0 F9000 X87.726 Y123.839
M204 S500
G1 F1800 X115.404 Y96.162 E586.8745
M204 S2000
G0 F9000 X114.838 Y96.162
M204 S500
G1 F1800 X87.16 Y123.839 E588.17636
M204 S2000
G0 F9000 X86.595 Y123.839
M204 S500
G1 F1800 X114.272 Y96.162 E589.47821
M204 S2000
G0 F9000 X113.707 Y96.162
M204 S500
G1 F1800 X86.216 Y123.652 E590.77127
M204 S2000
G0 F9000 X86.161 Y123.141
M204 S500
G1 F1800 X113.141 Y96.162 E592.04031
M204 S2000
G0 F9000 X112.575 Y96.162
M204 S500
G1 F1800 X86.161 Y122.576 E593.28274
M204 S2000
G0 F9000 X86.161 Y122.01
M204 S500
G1 F1800 X112.009 Y96.162 E594.49855
M204 S2000
G0 F9000 X111.444 Y96.162
M204 S500
G1 F1800 X86.161 Y121.444 E595.68776
M204 S2000
G0 F9000 X86.161 Y120.879
M204 S500
G1 F1800 X110.878 Y96.162 E596.85037
M204 S2000
G0 F9000 X110.312 Y96.162
M204 S500
G1 F1800 X86.161 Y120.313 E597.98636
M204 S2000
G0 F9000 X86.161 Y119.747
M204 S500
G1 F1800 X109.747 Y96.161 E599.09578
M204 S2000
G0 F9000 X109.182 Y96.161
M204 S500
G1 F1800 X86.161 Y119.182 E600.17861
M204 S2000
G0 F9000 X86.161 Y118.616
M204 S500
G1 F1800 X108.616 Y96.161 E601.23483
M204 S2000
G0 F9000 X108.05 Y96.161
M204 S500
G1 F1800 X86.161 Y118.05 E602.26442
M204 S2000
G0 F9000 X86.161 Y117.485
M204 S500
G1 F1800 X107.485 Y96.161 E603.26744
M204 S2000
G0 F9000 X106.919 Y96.161
M204 S500
G1 F1800 X86.161 Y116.919 E604.24383
M204 S2000
G0 F9000 X86.161 Y116.353
M204 S500
G1 F1800 X106.353 Y96.161 E605.1936
M204 S2000
G0 F9000 X105.788 Y96.161
M204 S500
G1 F1800 X86.161 Y115.788 E606.11679
M204 S2000
G0 F9000 X86.161 Y115.222
M204 S500
G1 F1800 X105.222 Y96.161 E607.01336
M204 S2000
G0 F9000 X104.656 Y96.161
M204 S500
G1 F1800 X86.161 Y114.656 E607.88331
M204 S2000
G0 F9000 X86.16 Y114.091
M204 S500
G1 F1800 X104.091 Y96.161 E608.72671
M204 S2000
G0 F9000 X103.525 Y96.161
M204 S500
G1 F1800 X86.16 Y113.525 E609.54348
M204 S2000
G0 F9000 X86.16 Y112.96
M204 S500
G1 F1800 X102.959 Y96.161 E610.33365
M204 S2000
G0 F9000 X102.394 Y96.161
M204 S500
G1 F1800 X86.16 Y112.394 E611.09723
M204 S2000
G0 F9000 X86.16 Y111.828
M204 S500
G1 F1800 X101.828 Y96.161 E611.83418
M204 S2000
G0 F9000 X101.262 Y96.161
M204 S500
G1 F1800 X86.16 Y111.263 E612.54453
M204 S2000
G0 F9000 X86.16 Y110.697
M204 S500
G1 F1800 X100.696 Y96.161 E613.22826
M204 S2000
G0 F9000 X100.131 Y96.161
M204 S500
G1 F1800 X86.16 Y110.131 E613.88539
M204 S2000
G0 F9000 X86.16 Y109.566
M204 S500
G1 F1800 X99.565 Y96.161 E614.51592
M204 S2000
G0 F9000 X98.999 Y96.161
M204 S500
G1 F1800 X86.16 Y109 E615.11983
M204 S2000
G0 F9000 X86.16 Y108.434
M204 S500
G1 F1800 X98.434 Y96.161 E615.69713
M204 S2000
G0 F9000 X97.868 Y96.161
M204 S500
G1 F1800 X86.16 Y107.869 E616.24784
M204 S2000
G0 F9000 X86.16 Y107.303
M204 S500
G1 F1800 X97.302 Y96.161 E616.77193
M204 S2000
G0 F9000 X96.737 Y96.161
M204 S500
G1 F1800 X86.16 Y106.737 E617.26941
M204 S2000
G0 F9000 X86.16 Y106.172
M204 S500
G1 F1800 X96.171 Y96.161 E617.7403
M204 S2000
G0 F9000 X95.605 Y96.161
M204 S500
G1 F1800 X86.16 Y105.606 E618.18456
M204 S2000
G0 F9000 X86.16 Y105.041
M204 S500
G1 F1800 X95.04 Y96.161 E618.60225
M204 S2000
G0 F9000 X94.474 Y96.161
M204 S500
G1 F1800 X86.16 Y104.475 E618.99332
M204 S2000
G0 F9000 X86.16 Y103.91
M204 S500
G1 F1800 X93.908 Y96.161 E619.35778
M204 S2000
G0 F9000 X93.343 Y96.161
M204 S500
G1 F1800 X86.16 Y103.344 E619.69565
M204 S2000
G0 F9000 X86.16 Y102.778
M204 S500
G1 F1800 X92.777 Y96.161 E620.00689
M204 S2000
G0 F9000 X92.211 Y96.161
M204 S500
G1 F1800 X86.16 Y102.212 E620.29151
M204 S2000
G0 F9000 X86.16 Y101.647
M204 S500
G1 F1800 X91.645 Y96.161 E620.54953
M204 S2000
G0 F9000 X91.08 Y96.161
M204 S500
G1 F1800 X86.16 Y101.081 E620.78096
M204 S2000
G0 F9000 X86.16 Y100.515
M204 S500
G1 F1800 X90.514 Y96.161 E620.98575
M204 S2000
G0 F9000 X89.948 Y96.161
M204 S500
G1 F1800 X86.16 Y99.95 E621.16395
M204 S2000
G0 F9000 X86.16 Y99.384
M204 S500
G1 F1800 X89.383 Y96.161 E621.31555
M204 S2000
G0 F9000 X88.817 Y96.161
M204 S500
G1 F1800 X86.16 Y98.818 E621.44053
M204 S2000
G0 F9000 X86.16 Y98.253
M204 S500
G1 F1800 X88.251 Y96.161 E621.53891
M204 S2000
G0 F9000 X87.686 Y96.161
M204 S500
G1 F1800 X86.16 Y97.687 E621.61069
M204 S2000
G0 F9000 X86.16 Y97.121
M204 S500
G1 F1800 X87.12 Y96.161 E621.65584
M204 S2000
G0 F9000 X86.554 Y96.161
M204 S500
G1 F1800 X86.16 Y96.556 E621.6744
M204 S2000
G1 F2400 E620.8744
;MESH:NONMESH
G0 F300 X86.16 Y96.556 Z1
G0 F9000 X85.729 Y96.338
G0 X85.763 Y123.627
G0 X85.908 Y123.934
G0 X86.219 Y124.177
G0 X133.767 Y124.227
G0 X133.786 Y124.358
;TIME_ELAPSED:742.926800
;LAYER:4
M204 S500
;TYPE:WALL-INNER
;MESH:ParametricSnapInCP2102-CaseTop.stl
G1 F2400 E621.6744
G1 F1800 X134.033 Y124.218 E621.68384
G1 X134.292 Y123.916 E621.69707
G1 X134.4 Y123.593 E621.7084
G1 X134.4 Y96.451 E622.61115
G1 X134.358 Y96.214 E622.61915
G1 X134.218 Y95.967 E622.6286
G1 X133.916 Y95.708 E622.64183
G1 X133.593 Y95.6 E622.65316
G1 X86.406 Y95.6 E624.2226
G1 X86.09 Y95.692 E624.23355
G1 X85.859 Y95.872 E624.24329
G1 X85.669 Y96.166 E624.25493
G1 X85.603 Y96.393 E624.2628
G1 X85.6 Y123.594 E625.1675
G1 X85.692 Y123.91 E625.17845
G1 X85.872 Y124.141 E625.18819
G1 X86.166 Y124.331 E625.19983
G1 X86.393 Y124.398 E625.20771
G1 X133.549 Y124.399 E626.77612
G1 X133.786 Y124.358 E626.78412
M204 S2000
G1 F2400 E625.98412
G0 F9000 X133.685 Y124.075
G0 X115.71 Y124.187
G0 X110.1 Y124.227
G0 X86.439 Y124.1
G0 X86.335 Y124.798
M204 S500
;TYPE:WALL-OUTER
G1 F2400 E626.78412
G1 F1800 X133.583 Y124.799 E628.3556
G1 X133.923 Y124.74 E628.36707
G1 X134.273 Y124.542 E628.38045
G1 X134.505 Y124.32 E628.39113
G1 X134.656 Y124.092 E628.40022
G1 X134.8 Y123.657 E628.41546
G1 X134.8 Y96.417 E629.32147
G1 X134.74 Y96.077 E629.33295
G1 X134.542 Y95.727 E629.34633
G1 X134.32 Y95.495 E629.35701
G1 X134.092 Y95.344 E629.3661
G1 X133.657 Y95.2 E629.38134
G1 X86.349 Y95.2 E630.95481
G1 X85.905 Y95.329 E630.97019
G1 X85.508 Y95.638 E630.98693
G1 X85.298 Y96.01 E631.00113
G1 X85.203 Y96.335 E631.0124
G1 X85.2 Y123.651 E631.92093
G1 X85.329 Y124.095 E631.93631
G1 X85.638 Y124.492 E631.95304
G1 X86.01 Y124.702 E631.96725
G1 X86.335 Y124.798 E631.97852
M204 S2000
G0 F9000 X86.795 Y124.317
M204 S500
;TYPE:FILL
G1 F3600 X94.469 Y95.678 E632.96466
M204 S2000
G0 F9000 X94.469 Y95.9
G0 X96.626 Y95.9
G0 X96.626 Y95.679
M204 S500
G1 F3600 X85.683 Y98.611 E633.34146
M204 S2000
G0 F9000 X85.901 Y98.612
G0 X85.901 Y101.653
G0 X85.682 Y101.652
M204 S500
G1 F3600 X107.348 Y123.319 E634.36059
M204 S2000
G0 F9000 X107.348 Y123.22
G0 X104.292 Y123.292
G0 X104.292 Y124.106
G0 X108.106 Y124.178
G0 X108.107 Y124.078
M204 S500
G1 F3600 X108.347 Y124.317 E634.37185
M204 S2000
G0 F9000 X108.348 Y124.099
G0 X104.292 Y124.106
G0 X104.292 Y123.292
G0 X109.382 Y123.22
G0 X109.382 Y123.319
M204 S500
G1 F3600 X134.318 Y116.638 E635.23048
M204 S2000
G0 F9000 X134.319 Y116.348
M204 S500
G1 F3600 X114.65 Y96.679 E636.15565
M204 S2000
G0 F9000 X114.65 Y96.78
G0 X112.836 Y96.78
G0 X112.836 Y96.678
M204 S500
G1 F3600 X105.698 Y123.319 E637.07299
M204 S2000
G0 F9000 X105.495 Y124.076
M204 S500
G1 F3600 X105.43 Y124.318 E637.08132
M204 S2000
G0 F9000 X105.654 Y124.318
M204 S500
G1 F3600 X106.551 Y124.078 E637.11221
M204 S2000
G0 F9000 X106.55 Y124.178
G0 X104.292 Y124.106
G0 X104.292 Y123.292
G0 X111.909 Y123.22
G0 X111.909 Y123.319
M204 S500
G1 F3600 X119.316 Y95.678 E638.06399
M204 S2000
G0 F9000 X119.809 Y95.679
M204 S500
G1 F3600 X85.681 Y104.823 E639.23912
M204 S2000
G0 F9000 X85.681 Y105.292
M204 S500
G1 F3600 X88.257 Y95.678 E639.57017
G1 X88.194 Y95.68
G1 X116.832 Y124.317 E640.91719
M204 S2000
G0 F9000 X116.833 Y124.1
G0 X117.854 Y124.1
G0 X117.853 Y124.318
M204 S500
G1 F3600 X125.527 Y95.679 E641.90333
M204 S2000
G0 F9000 X125.527 Y95.9
G0 X122.135 Y95.9
G0 X122.135 Y95.68
M204 S500
G1 F3600 X134.319 Y107.863 E642.4764
M204 S2000
G0 F9000 X134.1 Y107.863
G0 X134.1 Y109.23
G0 X134.319 Y109.23
M204 S500
G1 F3600 X130.277 Y124.318 E642.99593
M204 S2000
G0 F9000 X130.278 Y124.1
G0 X128.836 Y124.1
G0 X128.835 Y124.319
M204 S500
G1 F3600 X134.318 Y122.849 E643.18473
M204 S2000
G0 F9000 X134.1 Y122.849
G0 X133.685 Y124.075
G0 X133.762 Y124.277
M204 S500
G1 F3600 X106.165 Y96.679 E644.48283
M204 S2000
G0 F9000 X106.624 Y96.678
M204 S500
G1 F3600 X99.218 Y124.317 E645.43454
M204 S2000
G0 F9000 X99.861 Y124.317
M204 S500
G1 F3600 X85.68 Y110.136 E646.10157
M204 S2000
G0 F9000 X85.681 Y111.035
M204 S500
G1 F3600 X134.317 Y98.003 E647.77628
M204 S2000
G0 F9000 X134.1 Y98.003
G0 X134.1 Y99.378
G0 X134.319 Y99.378
M204 S500
G1 F3600 X130.621 Y95.68 E647.95022
M204 S2000
G0 F9000 X130.621 Y95.9
G0 X131.739 Y95.9
G0 X131.739 Y95.678
M204 S500
G1 F3600 X124.065 Y124.318 E648.93639
M204 S2000
G0 F9000 X124.066 Y124.1
G0 X125.319 Y124.1
G0 X125.318 Y124.318
M204 S500
G1 F3600 X96.679 Y95.68 E650.28346
M204 S2000
G0 F9000 X96.679 Y95.9
G0 X100.681 Y95.9
G0 X100.681 Y95.678
M204 S500
G1 F3600 X93.007 Y124.318 E651.26963
M204 S2000
G0 F9000 X93.008 Y124.099
G0 X91.376 Y124.099
G0 X91.375 Y124.317
M204 S500
G1 F3600 X85.68 Y118.621 E651.53753
M204 S2000
G0 F9000 X85.9 Y118.622
G0 X85.9 Y117.248
G0 X85.68 Y117.247
M204 S500
G1 F3600 X134.318 Y104.214 E653.21231
M204 S2000
G0 F9000 X134.1 Y104.214
G0 X134.1 Y110.426
G0 X134.318 Y110.426
M204 S500
G1 F3600 X85.679 Y123.459 E654.88712
M204 S2000
G1 F2400 E654.08712
G0 F9000 X85.9 Y123.46
G0 X104.292 Y124.106
G0 X110.1 Y124.107
G0 X115.708 Y124.227
G0 X115.78 Y123.969
G0 X115.571 Y123.969
M204 S500
;TYPE:SKIN
G1 F2400 E654.88712
G1 F1335.8 X104.429 Y123.969 E655.38648
G1 X104.429 Y123.429 E655.41068
G1 X115.571 Y123.429 E655.91004
G1 X115.571 Y123.969 E655.93425
M204 S2000
G0 F9000 X115.78 Y123.969
G0 X115.78 Y96.57
G0 X115.57 Y96.57
M204 S500
G1 F1333.3 X104.43 Y96.57 E656.43444
G1 X104.43 Y96.03 E656.45869
G1 X115.57 Y96.03 E656.95889
G1 X115.57 Y96.57 E656.98314
M204 S2000
G0 F9000 X115.57 Y97.08
G1 F2400 E656.18314
;MESH:NONMESH
G0 F300 X115.57 Y97.08 Z1.2
G0 F9000 X133.554 Y124.096
G0 X133.606 Y124.399
;TIME_ELAPSED:776.043257
;LAYER:5
M204 S500
;TYPE:WALL-INNER
;MESH:ParametricSnapInCP2102-CaseTop.stl
G1 F2400 E656.98314
G1 F1800 X134.025 Y124.222 E656.99827
G1 X134.224 Y124.024 E657.0076
G1 X134.334 Y123.829 E657.01505
G1 X134.4 Y123.494 E657.0264
G1 X134.4 Y96.394 E657.92775
G1 X134.222 Y95.975 E657.9429
G1 X134.024 Y95.776 E657.95223
G1 X133.829 Y95.666 E657.95968
G1 X133.494 Y95.6 E657.97104
G1 X86.394 Y95.6 E659.53759
G1 X85.968 Y95.781 E659.55298
G1 X85.738 Y96.027 E659.56418
G1 X85.646 Y96.236 E659.57178
G1 X85.602 Y96.485 E659.58019
G1 X85.601 Y123.606 E660.48224
G1 X85.781 Y124.032 E660.49762
G1 X85.945 Y124.204 E660.50552
G1 X86.236 Y124.354 E660.51641
G1 X86.485 Y124.398 E660.52482
G1 X133.606 Y124.399 E662.09207
M204 S2000
G0 F9000 X133.666 Y124.799
M204 S500
;TYPE:WALL-OUTER
G1 F1800 X133.992 Y124.699 E662.10341
G1 X134.269 Y124.544 E662.11397
G1 X134.545 Y124.269 E662.12693
G1 X134.754 Y123.899 E662.14106
G1 X134.8 Y123.517 E662.15386
G1 X134.8 Y96.334 E663.05797
G1 X134.699 Y96.008 E663.06932
G1 X134.544 Y95.731 E663.07988
G1 X134.269 Y95.455 E663.09284
G1 X133.899 Y95.246 E663.10697
G1 X133.517 Y95.2 E663.11977
G1 X86.334 Y95.2 E664.68908
G1 X86.007 Y95.3 E664.70046
G1 X85.728 Y95.457 E664.7111
G1 X85.425 Y95.746 E664.72503
G1 X85.26 Y96.12 E664.73863
G1 X85.202 Y96.45 E664.74977
G1 X85.201 Y123.666 E665.65498
G1 X85.301 Y123.992 E665.66632
G1 X85.457 Y124.272 E665.67698
G1 X85.746 Y124.575 E665.69091
G1 X86.12 Y124.74 E665.7045
G1 X86.45 Y124.798 E665.71565
G1 X133.666 Y124.799 E667.28606
M204 S2000
G0 F9000 X133.883 Y124.199
M204 S500
;TYPE:FILL
G1 F3600 X106.364 Y96.679 E668.58049
G1 X106.478 Y96.679
G1 X99.072 Y124.318 E669.5322
M204 S2000
G0 F9000 X100.06 Y124.317
M204 S500
G1 F3600 X85.681 Y109.938 E670.20854
M204 S2000
G0 F9000 X85.901 Y109.939
G0 X85.9 Y111.182
G0 X85.681 Y111.181
M204 S500
G1 F3600 X134.319 Y98.148 E671.88332
M204 S2000
G0 F9000 X134.1 Y98.148
G0 X134.1 Y99.178
G0 X134.319 Y99.178
M204 S500
G1 F3600 X130.82 Y95.68 E672.04788
M204 S2000
G0 F9000 X131.593 Y95.679
M204 S500
G1 F3600 X123.919 Y124.318 E673.03402
M204 S2000
G0 F9000 X123.92 Y124.1
G0 X125.518 Y124.1
G0 X125.517 Y124.318
M204 S500
G1 F3600 X96.879 Y95.68 E674.38106
M204 S2000
G0 F9000 X97.171 Y95.679
M204 S500
G1 F3600 X85.681 Y98.757 E674.7767
M204 S2000
G0 F9000 X85.901 Y98.758
G0 X85.901 Y101.453
G0 X85.681 Y101.452
M204 S500
G1 F3600 X107.548 Y123.319 E675.80525
M204 S2000
G0 F9000 X107.548 Y123.22
G0 X105.552 Y123.22
G0 X105.552 Y123.318
M204 S500
G1 F3600 X112.69 Y96.678 E676.72256
M204 S2000
G0 F9000 X112.69 Y96.78
G0 X114.849 Y96.78
G0 X114.849 Y96.679
M204 S500
G1 F3600 X134.319 Y116.149 E677.63837
M204 S2000
G0 F9000 X134.318 Y116.784
M204 S500
G1 F3600 X109.927 Y123.319 E678.47823
M204 S2000
G0 F9000 X109.927 Y123.22
G0 X111.763 Y123.22
G0 X111.763 Y123.319
M204 S500
G1 F3600 X119.17 Y95.678 E679.43001
M204 S2000
G0 F9000 X119.17 Y95.9
G0 X120.354 Y95.9
G0 X120.354 Y95.679
M204 S500
G1 F3600 X85.681 Y104.969 E680.62391
M204 S2000
G0 F9000 X85.681 Y104.749
M204 S500
G1 F3600 X88.111 Y95.679 E680.93622
M204 S2000
G0 F9000 X88.394 Y95.68
M204 S500
G1 F3600 X117.031 Y124.317 E682.28322
M204 S2000
G0 F9000 X117.707 Y124.319
M204 S500
G1 F3600 X125.381 Y95.679 E683.26939
M204 S2000
G0 F9000 X125.381 Y95.9
G0 X122.335 Y95.9
G0 X122.335 Y95.68
M204 S500
G1 F3600 X134.319 Y107.664 E683.83308
M204 S2000
G0 F9000 X134.1 Y107.664
G0 X134.1 Y108.686
G0 X134.319 Y108.686
M204 S500
G1 F3600 X130.131 Y124.318 E684.37134
M204 S2000
G0 F9000 X129.379 Y124.319
M204 S500
G1 F3600 X134.318 Y122.995 E684.54141
M204 S2000
G0 F9000 X134.1 Y122.995
G0 X134.1 Y110.572
G0 X134.319 Y110.572
M204 S500
G1 F3600 X85.681 Y123.604 E686.21618
M204 S2000
G0 F9000 X85.898 Y123.563
G0 X86.65 Y124.099
G0 X86.649 Y124.317
M204 S500
G1 F3600 X94.323 Y95.678 E687.20232
M204 S2000
G0 F9000 X94.323 Y95.9
G0 X100.535 Y95.9
G0 X100.535 Y95.678
M204 S500
G1 F3600 X92.861 Y124.317 E688.18846
M204 S2000
G0 F9000 X92.862 Y124.099
G0 X91.576 Y124.099
G0 X91.575 Y124.317
M204 S500
G1 F3600 X85.681 Y118.423 E688.4657
M204 S2000
G0 F9000 X85.9 Y118.424
G0 X85.9 Y117.394
G0 X85.681 Y117.393
M204 S500
G1 F3600 X134.319 Y104.36 E690.14047
M204 S2000
G0 F9000 X134.1 Y104.36
G0 X115.78 Y96.57
G0 X115.57 Y96.57
M204 S500
;TYPE:SKIN
G1 F1333.3 X104.43 Y96.57 E690.64067
G1 X104.43 Y96.03 E690.66492
G1 X115.57 Y96.03 E691.16512
G1 X115.57 Y96.57 E691.18937
M204 S2000
G0 F9000 X115.78 Y96.57
G0 X115.78 Y123.969
G0 X115.571 Y123.969
M204 S500
G1 F1335.8 X104.429 Y123.969 E691.68873
G1 X104.429 Y123.429 E691.71293
G1 X115.571 Y123.429 E692.21229
G1 X115.571 Y123.969 E692.23649
M204 S2000
G0 F9000 X116.08 Y123.8
;MESH:NONMESH
G0 F300 X116.08 Y123.8 Z1.4
G0 F9000 X104.401 Y124.099
G0 X104.4 Y124.4
;TIME_ELAPSED:806.740232
;LAYER:6
M204 S500
;TYPE:WALL-INNER
;MESH:ParametricSnapInCP2102-CaseTop.stl
G1 F1800 X104.4 Y124 E692.2498
G1 X104.5 Y123.667 E692.26136
G1 X104.743 Y123.457 E692.27204
G1 X104.963 Y123.401 E692.2796
G1 X115.073 Y123.404 E692.61585
G1 X115.257 Y123.457 E692.62222
G1 X115.5 Y123.667 E692.63291
G1 X115.6 Y124 E692.64447
G1 X115.6 Y124.4 E692.65777
G1 X133.606 Y124.399 E693.25666
G1 X133.909 Y124.307 E693.26719
G1 X134.123 Y124.14 E693.27622
G1 X134.298 Y123.905 E693.28596
G1 X134.4 Y123.568 E693.29767
G1 X134.4 Y96.394 E694.20148
G1 X134.307 Y96.091 E694.21203
G1 X134.14 Y95.876 E694.22108
G1 X133.905 Y95.702 E694.23081
G1 X133.568 Y95.6 E694.24252
G1 X115.6 Y95.6 E694.84013
G1 X115.6 Y96 E694.85344
G1 X115.5 Y96.333 E694.865
G1 X115.257 Y96.543 E694.87568
G1 X115.037 Y96.599 E694.88324
G1 X104.927 Y96.596 E695.2195
G1 X104.743 Y96.543 E695.22586
G1 X104.5 Y96.332 E695.23657
G1 X104.4 Y96 E695.2481
G1 X104.4 Y95.6 E695.2614
G1 X86.394 Y95.6 E695.86029
G1 X85.968 Y95.781 E695.87568
G1 X85.746 Y96.017 E695.88646
G1 X85.602 Y96.366 E695.89901
G1 X85.6 Y123.606 E696.80502
G1 X85.782 Y124.032 E696.82043
G1 X86.017 Y124.254 E696.83118
G1 X86.366 Y124.398 E696.84374
G1 X104.4 Y124.4 E697.44355
M204 S2000
G0 F9000 X104.8 Y124.8
M204 S500
;TYPE:WALL-OUTER
G1 F1800 X104.8 Y124 E697.47016
G1 X104.833 Y123.889 E697.47401
G1 X104.987 Y123.8 E697.47993
G1 X115.025 Y123.801 E697.81379
G1 X115.167 Y123.889 E697.81935
G1 X115.2 Y124 E697.8232
G1 X115.2 Y124.8 E697.84981
G1 X133.666 Y124.799 E698.46399
G1 X134.096 Y124.668 E698.47894
G1 X134.412 Y124.422 E698.49226
G1 X134.71 Y124.021 E698.50888
G1 X134.8 Y123.611 E698.52284
G1 X134.8 Y96.334 E699.43008
G1 X134.668 Y95.904 E699.44504
G1 X134.422 Y95.588 E699.45836
G1 X134.021 Y95.29 E699.47497
G1 X133.611 Y95.2 E699.48893
G1 X115.2 Y95.2 E700.10129
G1 X115.2 Y96 E700.12789
G1 X115.167 Y96.111 E700.13175
G1 X115.013 Y96.2 E700.13766
G1 X104.975 Y96.199 E700.47153
G1 X104.833 Y96.111 E700.47708
G1 X104.8 Y96 E700.48093
G1 X104.8 Y95.2 E700.50754
G1 X86.334 Y95.2 E701.12172
G1 X86.007 Y95.301 E701.13311
G1 X85.728 Y95.457 E701.14374
G1 X85.423 Y95.748 E701.15776
G1 X85.24 Y96.195 E701.17382
G1 X85.202 Y96.44 E701.18207
G1 X85.2 Y123.666 E702.08761
G1 X85.301 Y123.992 E702.09896
G1 X85.457 Y124.272 E702.10962
G1 X85.748 Y124.577 E702.12364
G1 X86.195 Y124.76 E702.13971
G1 X86.44 Y124.798 E702.14796
G1 X104.8 Y124.8 E702.75861
M204 S2000
G0 F9000 X104.53 Y124.53
G0 X104.572 Y123.572
G0 X115.428 Y123.572
G0 X115.436 Y124.169
G0 X115.979 Y124.3
G0 X115.979 Y124.04
M204 S500
;TYPE:SKIN
G1 F1800 X115.809 Y123.474 E702.77827
G1 X115.608 Y123.258 E702.78808
G1 X115.294 Y123.085 E702.8
G1 X115.075 Y123.042 E702.80743
G1 X104.934 Y123.041 E703.14472
G1 X104.706 Y123.085 E703.15244
G1 X104.413 Y123.244 E703.16353
G1 X104.191 Y123.472 E703.17411
G1 X104.02 Y124.04 E703.19384
G1 X86.435 Y124.038 E703.77872
G1 X86.207 Y123.942 E703.78695
G1 X86.081 Y123.82 E703.79278
G1 X85.96 Y123.54 E703.80293
G1 X85.962 Y96.435 E704.70445
G1 X86.057 Y96.206 E704.71269
G1 X86.18 Y96.08 E704.71855
G1 X86.459 Y95.96 E704.72865
G1 X104.02 Y95.96 E705.31273
G1 X104.191 Y96.526 E705.3324
G1 X104.392 Y96.742 E705.34221
G1 X104.706 Y96.915 E705.35413
G1 X104.925 Y96.958 E705.36156
G1 X115.066 Y96.959 E705.69885
G1 X115.294 Y96.915 E705.70657
G1 X115.587 Y96.756 E705.71766
G1 X115.809 Y96.527 E705.72827
G1 X115.979 Y95.96 E705.74795
G1 X133.524 Y95.96 E706.3315
G1 X133.729 Y96.021 E706.33862
G1 X133.981 Y96.259 E706.35015
G1 X134.04 Y96.45 E706.3568
G1 X134.04 Y123.522 E707.25721
G1 X133.976 Y123.732 E707.26452
G1 X133.741 Y123.981 E707.2759
G1 X133.551 Y124.038 E707.2825
G1 X115.979 Y124.04 E707.86695
M204 S2000
G1 F2400 E707.06695
G0 F9000 X115.979 Y124.3
G0 X115.436 Y124.151
G0 X115.428 Y123.572
G0 X104.572 Y123.572
G0 X104.228 Y124.228
G0 X86.398 Y124.237
G0 X86.123 Y124.123
G0 X85.74 Y123.69
G0 X86.16 Y123.495
M204 S500
G1 F2400 E707.86695
G1 F1800 X86.501 Y123.837 E707.88301
M204 S2000
G0 F9000 X87.067 Y123.837
M204 S500
G1 F1800 X86.16 Y122.929 E707.9257
M204 S2000
G0 F9000 X86.16 Y122.364
M204 S500
G1 F1800 X87.633 Y123.837 E707.99498
M204 S2000
G0 F9000 X88.198 Y123.837
M204 S500
G1 F1800 X86.16 Y121.798 E708.09087
M204 S2000
G0 F9000 X86.16 Y121.232
M204 S500
G1 F1800 X88.764 Y123.837 E708.21337
M204 S2000
G0 F9000 X89.33 Y123.837
M204 S500
G1 F1800 X86.16 Y120.667 E708.36248
M204 S2000
G0 F9000 X86.16 Y120.101
M204 S500
G1 F1800 X89.895 Y123.837 E708.53819
M204 S2000
G0 F9000 X90.461 Y123.837
M204 S500
G1 F1800 X86.16 Y119.535 E708.74052
M204 S2000
G0 F9000 X86.16 Y118.97
M204 S500
G1 F1800 X91.027 Y123.837 E708.96945
M204 S2000
G0 F9000 X91.592 Y123.837
M204 S500
G1 F1800 X86.16 Y118.404 E709.22497
M204 S2000
G0 F9000 X86.16 Y117.838
M204 S500
G1 F1800 X92.158 Y123.837 E709.50713
M204 S2000
G0 F9000 X92.724 Y123.837
M204 S500
G1 F1800 X86.16 Y117.272 E709.8159
M204 S2000
G0 F9000 X86.16 Y116.707
M204 S500
G1 F1800 X93.29 Y123.837 E710.15127
M204 S2000
G0 F9000 X93.855 Y123.837
M204 S500
G1 F1800 X86.16 Y116.141 E710.51325
M204 S2000
G0 F9000 X86.16 Y115.575
M204 S500
G1 F1800 X94.421 Y123.837 E710.90184
M204 S2000
G0 F9000 X94.987 Y123.837
M204 S500
G1 F1800 X86.16 Y115.01 E711.31704
M204 S2000
G0 F9000 X86.16 Y114.444
M204 S500
G1 F1800 X95.553 Y123.837 E711.75885
M204 S2000
G0 F9000 X96.119 Y123.837
M204 S500
G1 F1800 X86.16 Y113.878 E712.2273
M204 S2000
G0 F9000 X86.16 Y113.313
M204 S500
G1 F1800 X96.684 Y123.837 E712.72231
M204 S2000
G0 F9000 X97.25 Y123.837
M204 S500
G1 F1800 X86.16 Y112.747 E713.24395
M204 S2000
G0 F9000 X86.16 Y112.181
M204 S500
G1 F1800 X97.816 Y123.837 E713.79221
M204 S2000
G0 F9000 X98.381 Y123.837
M204 S500
G1 F1800 X86.16 Y111.616 E714.36705
M204 S2000
G0 F9000 X86.16 Y111.05
M204 S500
G1 F1800 X98.947 Y123.837 E714.96851
M204 S2000
G0 F9000 X99.513 Y123.837
M204 S500
G1 F1800 X86.16 Y110.484 E715.5966
M204 S2000
G0 F9000 X86.16 Y109.919
M204 S500
G1 F1800 X100.078 Y123.837 E716.25126
M204 S2000
G0 F9000 X100.644 Y123.837
M204 S500
G1 F1800 X86.16 Y109.354 E716.93252
M204 S2000
G0 F9000 X86.16 Y108.788
M204 S500
G1 F1800 X101.21 Y123.837 E717.6404
M204 S2000
G0 F9000 X101.776 Y123.837
M204 S500
G1 F1800 X86.16 Y108.222 E718.3749
M204 S2000
G0 F9000 X86.16 Y107.657
M204 S500
G1 F1800 X102.341 Y123.837 E719.13599
M204 S2000
G0 F9000 X102.907 Y123.837
M204 S500
G1 F1800 X86.16 Y107.091 E719.92369
M204 S2000
G0 F9000 X86.16 Y106.525
M204 S500
G1 F1800 X103.473 Y123.837 E720.73802
M204 S2000
G0 F9000 X103.91 Y123.709
M204 S500
G1 F1800 X86.16 Y105.959 E721.57292
M204 S2000
G0 F9000 X86.16 Y105.394
M204 S500
G1 F1800 X104.073 Y123.306 E722.41547
M204 S2000
G0 F9000 X104.373 Y123.04
M204 S500
G1 F1800 X86.16 Y104.828 E723.27213
M204 S2000
G0 F9000 X86.16 Y104.262
M204 S500
G1 F1800 X104.769 Y122.871 E724.14744
M204 S2000
G0 F9000 X105.304 Y122.84
M204 S500
G1 F1800 X86.16 Y103.697 E725.04789
M204 S2000
G0 F9000 X86.16 Y103.131
M204 S500
G1 F1800 X105.87 Y122.84 E725.97497
M204 S2000
G0 F9000 X106.435 Y122.84
M204 S500
G1 F1800 X86.16 Y102.565 E726.92864
M204 S2000
G0 F9000 X86.16 Y102
M204 S500
G1 F1800 X107.001 Y122.84 E727.90892
M204 S2000
G0 F9000 X107.567 Y122.84
M204 S500
G1 F1800 X86.16 Y101.434 E728.91581
M204 S2000
G0 F9000 X86.16 Y100.868
M204 S500
G1 F1800 X108.132 Y122.84 E729.94931
M204 S2000
G0 F9000 X108.698 Y122.84
M204 S500
G1 F1800 X86.16 Y100.303 E731.0094
M204 S2000
G0 F9000 X86.16 Y99.737
M204 S500
G1 F1800 X109.264 Y122.84 E732.09612
M204 S2000
G0 F9000 X109.829 Y122.84
M204 S500
G1 F1800 X86.16 Y99.171 E733.20944
M204 S2000
G0 F9000 X86.16 Y98.606
M204 S500
G1 F1800 X110.395 Y122.84 E734.34935
M204 S2000
G0 F9000 X110.961 Y122.84
M204 S500
G1 F1800 X86.16 Y98.04 E735.51589
M204 S2000
G0 F9000 X86.16 Y97.474
M204 S500
G1 F1800 X111.527 Y122.84 E736.70906
M204 S2000
G0 F9000 X112.092 Y122.84
M204 S500
G1 F1800 X86.16 Y96.908 E737.92882
M204 S2000
G0 F9000 X86.209 Y96.392
M204 S500
G1 F1800 X112.658 Y122.84 E739.17287
M204 S2000
G0 F9000 X113.224 Y122.84
M204 S500
G1 F1800 X86.543 Y96.16 E740.42784
M204 S2000
G0 F9000 X87.109 Y96.16
M204 S500
G1 F1800 X113.789 Y122.84 E741.68279
M204 S2000
G0 F9000 X114.355 Y122.84
M204 S500
G1 F1800 X87.674 Y96.16 E742.93776
M204 S2000
G0 F9000 X88.24 Y96.16
M204 S500
G1 F1800 X114.921 Y122.84 E744.19273
M204 S2000
G0 F9000 X114.921 Y123.301
G0 X115.428 Y123.572
G0 X115.772 Y124.228
G0 X116.485 Y124.3
G0 X116.485 Y123.839
M204 S500
G1 F1800 X88.806 Y96.16 E745.49466
M204 S2000
G0 F9000 X89.371 Y96.16
M204 S500
G1 F1800 X117.05 Y123.839 E746.7966
M204 S2000
G0 F9000 X117.616 Y123.839
M204 S500
G1 F1800 X89.937 Y96.16 E748.09853
M204 S2000
G0 F9000 X90.503 Y96.16
M204 S500
G1 F1800 X118.182 Y123.839 E749.40047
M204 S2000
G0 F9000 X118.747 Y123.839
M204 S500
G1 F1800 X91.068 Y96.16 E750.7024
M204 S2000
G0 F9000 X91.634 Y96.16
M204 S500
G1 F1800 X119.313 Y123.839 E752.00434
M204 S2000
G0 F9000 X119.879 Y123.839
M204 S500
G1 F1800 X92.2 Y96.16 E753.30627
M204 S2000
G0 F9000 X92.766 Y96.16
M204 S500
G1 F1800 X120.445 Y123.839 E754.60821
M204 S2000
G0 F9000 X121.01 Y123.839
M204 S500
G1 F1800 X93.331 Y96.16 E755.91014
M204 S2000
G0 F9000 X93.897 Y96.16
M204 S500
G1 F1800 X121.576 Y123.839 E757.21208
M204 S2000
G0 F9000 X122.142 Y123.839
M204 S500
G1 F1800 X94.463 Y96.16 E758.51401
M204 S2000
G0 F9000 X95.028 Y96.16
M204 S500
G1 F1800 X122.707 Y123.839 E759.81595
M204 S2000
G0 F9000 X123.273 Y123.839
M204 S500
G1 F1800 X95.595 Y96.16 E761.11786
M204 S2000
G0 F9000 X96.16 Y96.16
M204 S500
G1 F1800 X123.839 Y123.839 E762.4198
M204 S2000
G0 F9000 X124.404 Y123.839
M204 S500
G1 F1800 X96.726 Y96.16 E763.72171
M204 S2000
G0 F9000 X97.292 Y96.16
M204 S500
G1 F1800 X124.969 Y123.838 E765.02357
M204 S2000
G0 F9000 X125.535 Y123.838
M204 S500
G1 F1800 X97.857 Y96.16 E766.32546
M204 S2000
G0 F9000 X98.423 Y96.16
M204 S500
G1 F1800 X126.101 Y123.838 E767.62735
M204 S2000
G0 F9000 X126.666 Y123.838
M204 S500
G1 F1800 X98.989 Y96.16 E768.92921
M204 S2000
G0 F9000 X99.554 Y96.16
M204 S500
G1 F1800 X127.232 Y123.838 E770.2311
M204 S2000
G0 F9000 X127.798 Y123.838
M204 S500
G1 F1800 X100.12 Y96.16 E771.53299
M204 S2000
G0 F9000 X100.686 Y96.16
M204 S500
G1 F1800 X128.363 Y123.838 E772.83486
M204 S2000
G0 F9000 X128.929 Y123.838
M204 S500
G1 F1800 X101.252 Y96.16 E774.13672
M204 S2000
G0 F9000 X101.817 Y96.16
M204 S500
G1 F1800 X129.495 Y123.838 E775.43861
M204 S2000
G0 F9000 X130.06 Y123.838
M204 S500
G1 F1800 X102.383 Y96.16 E776.74047
M204 S2000
G0 F9000 X102.949 Y96.16
M204 S500
G1 F1800 X130.626 Y123.838 E778.04234
M204 S2000
G0 F9000 X131.192 Y123.838
M204 S500
G1 F1800 X103.514 Y96.16 E779.34423
M204 S2000
G0 F9000 X103.514 Y95.7
G0 X104.228 Y95.772
G0 X104.537 Y96.362
G0 X105.078 Y96.699
G0 X105.078 Y97.158
M204 S500
G1 F1800 X131.758 Y123.838 E780.59917
M204 S2000
G0 F9000 X132.323 Y123.838
M204 S500
G1 F1800 X105.643 Y97.158 E781.85412
M204 S2000
G0 F9000 X106.209 Y97.158
M204 S500
G1 F1800 X132.889 Y123.838 E783.10906
M204 S2000
G0 F9000 X133.455 Y123.838
M204 S500
G1 F1800 X106.775 Y97.158 E784.36401
M204 S2000
G0 F9000 X107.34 Y97.158
M204 S500
G1 F1800 X133.8 Y123.618 E785.6086
M204 S2000
G0 F9000 X133.839 Y123.091
M204 S500
G1 F1800 X107.906 Y97.158 E786.82841
M204 S2000
G0 F9000 X108.472 Y97.158
M204 S500
G1 F1800 X133.839 Y122.526 E788.02162
M204 S2000
G0 F9000 X133.839 Y121.96
M204 S500
G1 F1800 X109.037 Y97.158 E789.18823
M204 S2000
G0 F9000 X109.603 Y97.158
M204 S500
G1 F1800 X133.839 Y121.394 E790.32822
M204 S2000
G0 F9000 X133.839 Y120.828
M204 S500
G1 F1800 X110.17 Y97.159 E791.44154
M204 S2000
G0 F9000 X110.735 Y97.159
M204 S500
G1 F1800 X133.839 Y120.263 E792.52828
M204 S2000
G0 F9000 X133.839 Y119.697
M204 S500
G1 F1800 X111.301 Y97.159 E793.5884
M204 S2000
G0 F9000 X111.867 Y97.159
M204 S500
G1 F1800 X133.839 Y119.131 E794.62189
M204 S2000
G0 F9000 X133.839 Y118.566
M204 S500
G1 F1800 X112.432 Y97.159 E795.62881
M204 S2000
G0 F9000 X112.998 Y97.159
M204 S500
G1 F1800 X133.839 Y118 E796.60911
M204 S2000
G0 F9000 X133.839 Y117.434
M204 S500
G1 F1800 X113.564 Y97.159 E797.56278
M204 S2000
G0 F9000 X114.129 Y97.159
M204 S500
G1 F1800 X133.839 Y116.869 E798.48988
M204 S2000
G0 F9000 X133.839 Y116.303
M204 S500
G1 F1800 X114.695 Y97.159 E799.39036
M204 S2000
G0 F9000 X115.23 Y97.128
M204 S500
G1 F1800 X133.839 Y115.737 E800.26567
M204 S2000
G0 F9000 X133.839 Y115.172
M204 S500
G1 F1800 X115.626 Y96.958 E801.12237
M204 S2000
G0 F9000 X115.925 Y96.692
M204 S500
G1 F1800 X133.839 Y114.606 E801.96499
M204 S2000
G0 F9000 X133.839 Y114.04
M204 S500
G1 F1800 X116.088 Y96.289 E802.79995
M204 S2000
G0 F9000 X116.524 Y96.16
M204 S500
G1 F1800 X133.839 Y113.475 E803.61439
M204 S2000
G0 F9000 X133.839 Y112.909
M204 S500
G1 F1800 X117.09 Y96.16 E804.40221
M204 S2000
G0 F9000 X117.656 Y96.16
M204 S500
G1 F1800 X133.839 Y112.343 E805.16341
M204 S2000
G0 F9000 X133.839 Y111.778
M204 S500
G1 F1800 X118.221 Y96.16 E805.89803
M204 S2000
G0 F9000 X118.787 Y96.16
M204 S500
G1 F1800 X133.839 Y111.212 E806.60603
M204 S2000
G0 F9000 X133.839 Y110.646
M204 S500
G1 F1800 X119.353 Y96.16 E807.28741
M204 S2000
G0 F9000 X119.918 Y96.16
M204 S500
G1 F1800 X133.839 Y110.08 E807.94219
M204 S2000
G0 F9000 X133.839 Y109.515
M204 S500
G1 F1800 X120.484 Y96.16 E808.57037
M204 S2000
G0 F9000 X121.05 Y96.16
M204 S500
G1 F1800 X133.839 Y108.949 E809.17192
M204 S2000
G0 F9000 X133.839 Y108.383
M204 S500
G1 F1800 X121.616 Y96.16 E809.74685
M204 S2000
G0 F9000 X122.181 Y96.16
M204 S500
G1 F1800 X133.839 Y107.818 E810.29521
M204 S2000
G0 F9000 X133.839 Y107.252
M204 S500
G1 F1800 X122.747 Y96.16 E810.81694
M204 S2000
G0 F9000 X123.313 Y96.16
M204 S500
G1 F1800 X133.839 Y106.686 E811.31205
M204 S2000
G0 F9000 X133.839 Y106.121
M204 S500
G1 F1800 X123.878 Y96.16 E811.78059
M204 S2000
G0 F9000 X124.444 Y96.16
M204 S500
G1 F1800 X133.839 Y105.555 E812.2225
M204 S2000
G0 F9000 X133.839 Y104.989
M204 S500
G1 F1800 X125.01 Y96.16 E812.63779
M204 S2000
G0 F9000 X125.575 Y96.16
M204 S500
G1 F1800 X133.839 Y104.424 E813.0265
M204 S2000
G0 F9000 X133.839 Y103.858
M204 S500
G1 F1800 X126.141 Y96.16 E813.38859
M204 S2000
G0 F9000 X126.707 Y96.16
M204 S500
G1 F1800 X133.839 Y103.292 E813.72406
M204 S2000
G0 F9000 X133.839 Y102.727
M204 S500
G1 F1800 X127.272 Y96.16 E814.03295
M204 S2000
G0 F9000 X127.838 Y96.16
M204 S500
G1 F1800 X133.839 Y102.161 E814.31522
M204 S2000
G0 F9000 X133.839 Y101.595
M204 S500
G1 F1800 X128.404 Y96.16 E814.57087
M204 S2000
G0 F9000 X128.969 Y96.16
M204 S500
G1 F1800 X133.839 Y101.03 E814.79994
M204 S2000
G0 F9000 X133.839 Y100.464
M204 S500
G1 F1800 X129.535 Y96.16 E815.00238
M204 S2000
G0 F9000 X130.101 Y96.16
M204 S500
G1 F1800 X133.839 Y99.898 E815.17821
M204 S2000
G0 F9000 X133.839 Y99.332
M204 S500
G1 F1800 X130.666 Y96.16 E815.32743
M204 S2000
G0 F9000 X131.232 Y96.16
M204 S500
G1 F1800 X133.839 Y98.767 E815.45006
M204 S2000
G0 F9000 X133.839 Y98.201
M204 S500
G1 F1800 X131.798 Y96.16 E815.54606
M204 S2000
G0 F9000 X132.364 Y96.16
M204 S500
G1 F1800 X133.839 Y97.635 E815.61544
M204 S2000
G0 F9000 X133.839 Y97.07
M204 S500
G1 F1800 X132.929 Y96.16 E815.65824
M204 S2000
G0 F9000 X133.496 Y96.16
M204 S500
G1 F1800 X133.839 Y96.504 E815.6744
M204 S2000
G1 F2400 E814.8744
;MESH:NONMESH
G0 F300 X133.839 Y96.504 Z1.6
G0 F9000 X134.3 Y96.504
G0 X134.239 Y123.552
G0 X134.158 Y123.822
G0 X133.833 Y124.161
G0 X133.581 Y124.238
G0 X115.772 Y124.228
G0 X115.22 Y123.271
G0 X104.572 Y123.572
G0 X104.4 Y124.4
;TIME_ELAPSED:945.740682
;LAYER:7
M204 S500
;TYPE:WALL-INNER
;MESH:ParametricSnapInCP2102-CaseTop.stl
G1 F2400 E815.6744
G1 F1800 X104.4 Y124 E815.68771
G1 X104.5 Y123.667 E815.69927
G1 X104.743 Y123.457 E815.70995
G1 X104.963 Y123.401 E815.7175
G1 X115.073 Y123.404 E816.05376
G1 X115.387 Y123.541 E816.06516
G1 X115.499 Y123.667 E816.07076
G1 X115.6 Y124 E816.08234
G1 X115.6 Y124.4 E816.09564
G1 X133.625 Y124.394 E816.69516
G1 X133.909 Y124.307 E816.70503
G1 X134.134 Y124.132 E816.71452
G1 X134.305 Y123.916 E816.72368
G1 X134.4 Y123.486 E816.73833
G1 X134.394 Y96.374 E817.64007
G1 X134.307 Y96.09 E817.64995
G1 X134.133 Y95.866 E817.65939
G1 X133.916 Y95.695 E817.66858
G1 X133.486 Y95.6 E817.68322
G1 X115.6 Y95.6 E818.27811
G1 X115.6 Y96 E818.29142
G1 X115.5 Y96.332 E818.30295
G1 X115.257 Y96.543 E818.31365
G1 X115.037 Y96.599 E818.3212
G1 X104.927 Y96.596 E818.65746
G1 X104.743 Y96.543 E818.66383
G1 X104.5 Y96.332 E818.67454
G1 X104.4 Y96 E818.68607
G1 X104.4 Y95.6 E818.69937
G1 X86.394 Y95.6 E819.29826
G1 X85.964 Y95.782 E819.31379
G1 X85.815 Y95.924 E819.32063
G1 X85.666 Y96.174 E819.33031
G1 X85.607 Y96.364 E819.33693
G1 X85.6 Y123.474 E820.23861
G1 X85.67 Y123.835 E820.25084
G1 X85.782 Y124.035 E820.25847
G1 X85.925 Y124.184 E820.26533
G1 X86.174 Y124.334 E820.275
G1 X86.364 Y124.393 E820.28162
G1 X104.4 Y124.4 E820.8815
M204 S2000
G0 F9000 X104.8 Y124.8
M204 S500
;TYPE:WALL-OUTER
G1 F1800 X104.8 Y124 E820.90811
G1 X104.833 Y123.889 E820.91196
G1 X104.987 Y123.8 E820.91788
G1 X115.046 Y123.801 E821.25244
G1 X115.167 Y123.889 E821.25742
G1 X115.2 Y124 E821.26127
G1 X115.2 Y124.8 E821.28787
G1 X133.685 Y124.794 E821.90269
G1 X134.096 Y124.668 E821.91699
G1 X134.418 Y124.419 E821.93052
G1 X134.664 Y124.107 E821.94374
G1 X134.772 Y123.77 E821.95551
G1 X134.8 Y123.507 E821.96431
G1 X134.794 Y96.314 E822.86875
G1 X134.668 Y95.904 E822.88302
G1 X134.419 Y95.582 E822.89655
G1 X134.107 Y95.336 E822.90977
G1 X133.77 Y95.228 E822.92154
G1 X133.507 Y95.2 E822.93034
G1 X115.2 Y95.2 E823.53923
G1 X115.2 Y96 E823.56584
G1 X115.167 Y96.111 E823.56969
G1 X115.013 Y96.2 E823.5756
G1 X104.975 Y96.199 E823.90947
G1 X104.833 Y96.111 E823.91503
G1 X104.8 Y96 E823.91888
G1 X104.8 Y95.2 E823.94549
G1 X86.334 Y95.2 E824.55967
G1 X86.006 Y95.301 E824.57108
G1 X85.725 Y95.458 E824.58179
G1 X85.5 Y95.672 E824.59212
G1 X85.298 Y96.01 E824.60521
G1 X85.207 Y96.304 E824.61545
G1 X85.2 Y123.494 E825.51979
G1 X85.226 Y123.75 E825.52835
G1 X85.3 Y123.993 E825.5368
G1 X85.458 Y124.275 E825.54755
G1 X85.673 Y124.5 E825.5579
G1 X86.01 Y124.702 E825.57097
G1 X86.304 Y124.793 E825.5812
G1 X104.8 Y124.8 E826.19638
M204 S2000
G0 F9000 X104.53 Y124.53
G0 X104.019 Y124.299
G0 X104.02 Y124.04
M204 S500
;TYPE:SKIN
G1 F1800 X86.433 Y124.033 E826.78133
G1 X86.157 Y123.899 E826.79154
G1 X86.005 Y123.689 E826.80016
G1 X85.96 Y123.452 E826.80818
G1 X85.967 Y96.435 E827.70677
G1 X86.128 Y96.101 E827.7191
G1 X86.457 Y95.96 E827.73101
G1 X104.02 Y95.96 E828.31515
G1 X104.191 Y96.526 E828.33482
G1 X104.392 Y96.742 E828.34463
G1 X104.706 Y96.915 E828.35656
G1 X104.925 Y96.958 E828.36398
G1 X115.066 Y96.959 E828.70127
G1 X115.294 Y96.915 E828.709
G1 X115.587 Y96.756 E828.72008
G1 X115.809 Y96.527 E828.73069
G1 X115.979 Y95.96 E828.75038
G1 X133.459 Y95.96 E829.33177
G1 X133.749 Y96.024 E829.34164
G1 X133.981 Y96.258 E829.3526
G1 X134.034 Y96.43 E829.35859
G1 X134.04 Y123.458 E830.25754
G1 X133.975 Y123.751 E830.26753
G1 X133.744 Y123.978 E830.2783
G1 X133.567 Y124.034 E830.28447
G1 X115.979 Y124.04 E830.86945
G1 X115.809 Y123.476 E830.88904
G1 X115.607 Y123.258 E830.89893
G1 X115.294 Y123.085 E830.91082
G1 X115.075 Y123.042 E830.91825
G1 X104.934 Y123.041 E831.25554
G1 X104.706 Y123.085 E831.26326
G1 X104.413 Y123.244 E831.27435
G1 X104.191 Y123.472 E831.28493
G1 X104.02 Y124.04 E831.30466
M204 S2000
G1 F2400 E830.50466
G0 F9000 X104.019 Y124.299
G0 X104.563 Y124.149
G0 X104.572 Y123.572
G0 X115.428 Y123.572
G0 X115.772 Y124.228
G0 X133.6 Y124.233
G0 X134.018 Y123.979
G0 X134.26 Y123.665
G0 X133.807 Y123.579
M204 S500
G1 F2400 E831.30466
G1 F1800 X133.56 Y123.826 E831.31628
M204 S2000
G0 F9000 X132.986 Y123.834
M204 S500
G1 F1800 X133.838 Y122.982 E831.35636
M204 S2000
G0 F9000 X133.838 Y122.417
M204 S500
G1 F1800 X132.42 Y123.834 E831.42303
M204 S2000
G0 F9000 X131.854 Y123.834
M204 S500
G1 F1800 X133.838 Y121.851 E831.51633
M204 S2000
G0 F9000 X133.838 Y121.285
M204 S500
G1 F1800 X131.289 Y123.834 E831.63623
M204 S2000
G0 F9000 X130.722 Y123.835
M204 S500
G1 F1800 X133.838 Y120.72 E831.78277
M204 S2000
G0 F9000 X133.838 Y120.154
M204 S500
G1 F1800 X130.157 Y123.835 E831.95591
M204 S2000
G0 F9000 X129.591 Y123.835
M204 S500
G1 F1800 X133.837 Y119.589 E832.15563
M204 S2000
G0 F9000 X133.837 Y119.023
M204 S500
G1 F1800 X129.025 Y123.835 E832.38197
M204 S2000
G0 F9000 X128.459 Y123.836
M204 S500
G1 F1800 X133.837 Y118.458 E832.63494
M204 S2000
G0 F9000 X133.837 Y117.892
M204 S500
G1 F1800 X127.893 Y123.836 E832.91453
M204 S2000
G0 F9000 X127.328 Y123.836
M204 S500
G1 F1800 X133.837 Y117.326 E833.22071
M204 S2000
G0 F9000 X133.837 Y116.761
M204 S500
G1 F1800 X126.762 Y123.836 E833.5535
M204 S2000
G0 F9000 X126.196 Y123.836
M204 S500
G1 F1800 X133.836 Y116.196 E833.91286
M204 S2000
G0 F9000 X133.836 Y115.63
M204 S500
G1 F1800 X125.63 Y123.837 E834.29887
M204 S2000
G0 F9000 X125.064 Y123.837
M204 S500
G1 F1800 X133.836 Y115.064 E834.7115
M204 S2000
G0 F9000 X133.836 Y114.498
M204 S500
G1 F1800 X124.498 Y123.837 E835.15076
M204 S2000
G0 F9000 X123.933 Y123.837
M204 S500
G1 F1800 X133.836 Y113.933 E835.61659
M204 S2000
G0 F9000 X133.836 Y113.367
M204 S500
G1 F1800 X123.366 Y123.837 E836.10906
M204 S2000
G0 F9000 X122.801 Y123.837
M204 S500
G1 F1800 X133.836 Y112.802 E836.62812
M204 S2000
G0 F9000 X133.836 Y112.236
M204 S500
G1 F1800 X122.235 Y123.837 E837.17379
M204 S2000
G0 F9000 X121.669 Y123.837
M204 S500
G1 F1800 X133.836 Y111.671 E837.74607
M204 S2000
G0 F9000 X133.836 Y111.105
M204 S500
G1 F1800 X121.104 Y123.837 E838.34494
M204 S2000
G0 F9000 X120.537 Y123.838
M204 S500
G1 F1800 X133.836 Y110.539 E838.97048
M204 S2000
G0 F9000 X133.836 Y109.974
M204 S500
G1 F1800 X119.971 Y123.838 E839.62263
M204 S2000
G0 F9000 X119.406 Y123.838
M204 S500
G1 F1800 X133.835 Y109.409 E840.30132
M204 S2000
G0 F9000 X133.835 Y108.843
M204 S500
G1 F1800 X118.84 Y123.838 E841.00664
M204 S2000
G0 F9000 X118.274 Y123.839
M204 S500
G1 F1800 X133.835 Y108.277 E841.73861
M204 S2000
G0 F9000 X133.835 Y107.712
M204 S500
G1 F1800 X117.708 Y123.839 E842.49717
M204 S2000
G0 F9000 X117.142 Y123.839
M204 S500
G1 F1800 X133.835 Y107.146 E843.28236
M204 S2000
G0 F9000 X133.835 Y106.58
M204 S500
G1 F1800 X116.577 Y123.839 E844.09415
M204 S2000
G0 F9000 X116.101 Y123.749
M204 S500
G1 F1800 X133.834 Y106.015 E844.92828
M204 S2000
G0 F9000 X133.834 Y105.45
M204 S500
G1 F1800 X115.945 Y123.339 E845.76972
M204 S2000
G0 F9000 X115.659 Y123.059
M204 S500
G1 F1800 X133.834 Y104.884 E846.62462
M204 S2000
G0 F9000 X133.834 Y104.318
M204 S500
G1 F1800 X115.273 Y122.879 E847.49767
M204 S2000
G0 F9000 X114.746 Y122.841
M204 S500
G1 F1800 X133.834 Y103.753 E848.39551
M204 S2000
G0 F9000 X133.834 Y103.188
M204 S500
G1 F1800 X114.18 Y122.841 E849.31995
M204 S2000
G0 F9000 X113.615 Y122.841
M204 S500
G1 F1800 X133.834 Y102.622 E850.27099
M204 S2000
G0 F9000 X133.834 Y102.056
M204 S500
G1 F1800 X113.049 Y122.841 E851.24865
M204 S2000
G0 F9000 X112.483 Y122.841
M204 S500
G1 F1800 X133.834 Y101.491 E852.25291
M204 S2000
G0 F9000 X133.834 Y100.925
M204 S500
G1 F1800 X111.918 Y122.841 E853.28378
M204 S2000
G0 F9000 X111.352 Y122.841
M204 S500
G1 F1800 X133.834 Y100.359 E854.34126
M204 S2000
G0 F9000 X133.833 Y99.794
M204 S500
G1 F1800 X110.786 Y122.841 E855.42532
M204 S2000
G0 F9000 X110.22 Y122.841
M204 S500
G1 F1800 X133.833 Y99.229 E856.53598
M204 S2000
G0 F9000 X133.833 Y98.663
M204 S500
G1 F1800 X109.655 Y122.841 E857.67324
M204 S2000
G0 F9000 X109.089 Y122.841
M204 S500
G1 F1800 X133.833 Y98.097 E858.83712
M204 S2000
G0 F9000 X133.833 Y97.531
M204 S500
G1 F1800 X108.523 Y122.841 E860.02763
M204 S2000
G0 F9000 X107.958 Y122.841
M204 S500
G1 F1800 X133.833 Y96.966 E861.24471
M204 S2000
G0 F9000 X133.818 Y96.415
M204 S500
G1 F1800 X107.392 Y122.841 E862.4877
M204 S2000
G0 F9000 X106.826 Y122.841
M204 S500
G1 F1800 X133.495 Y96.172 E863.74213
M204 S2000
G0 F9000 X132.942 Y96.16
M204 S500
G1 F1800 X106.261 Y122.841 E864.99712
M204 S2000
G0 F9000 X105.695 Y122.841
M204 S500
G1 F1800 X132.376 Y96.16 E866.25212
M204 S2000
G0 F9000 X131.811 Y96.16
M204 S500
G1 F1800 X105.129 Y122.841 E867.50713
M204 S2000
G0 F9000 X104.354 Y123.051
M204 S500
G1 F1800 X131.245 Y96.16 E868.772
M204 S2000
G0 F9000 X130.679 Y96.16
M204 S500
G1 F1800 X103.001 Y123.838 E870.07389
M204 S2000
G0 F9000 X103.567 Y123.838
M204 S500
G1 F1800 X104.037 Y123.368 E870.096
M204 S2000
G0 F9000 X104.42 Y123.605
G0 X104.228 Y124.228
G0 X102.434 Y124.299
G0 X102.435 Y123.838
M204 S500
G1 F1800 X130.114 Y96.16 E871.39791
M204 S2000
G0 F9000 X129.548 Y96.16
M204 S500
G1 F1800 X101.87 Y123.838 E872.6998
M204 S2000
G0 F9000 X101.305 Y123.837
M204 S500
G1 F1800 X128.982 Y96.16 E874.00164
M204 S2000
G0 F9000 X128.416 Y96.16
M204 S500
G1 F1800 X100.739 Y123.837 E875.30348
M204 S2000
G0 F9000 X100.173 Y123.837
M204 S500
G1 F1800 X127.851 Y96.16 E876.60535
M204 S2000
G0 F9000 X127.285 Y96.16
M204 S500
G1 F1800 X99.608 Y123.837 E877.90719
M204 S2000
G0 F9000 X99.043 Y123.837
M204 S500
G1 F1800 X126.719 Y96.16 E879.20901
M204 S2000
G0 F9000 X126.154 Y96.16
M204 S500
G1 F1800 X98.477 Y123.837 E880.51085
M204 S2000
G0 F9000 X97.911 Y123.837
M204 S500
G1 F1800 X125.588 Y96.16 E881.81269
M204 S2000
G0 F9000 X125.022 Y96.16
M204 S500
G1 F1800 X97.346 Y123.836 E883.11448
M204 S2000
G0 F9000 X96.78 Y123.836
M204 S500
G1 F1800 X124.457 Y96.16 E884.4163
M204 S2000
G0 F9000 X123.891 Y96.16
M204 S500
G1 F1800 X96.215 Y123.836 E885.71809
M204 S2000
G0 F9000 X95.649 Y123.836
M204 S500
G1 F1800 X123.325 Y96.16 E887.01989
M204 S2000
G0 F9000 X122.76 Y96.16
M204 S500
G1 F1800 X95.084 Y123.835 E888.32166
M204 S2000
G0 F9000 X94.518 Y123.835
M204 S500
G1 F1800 X122.194 Y96.16 E889.62343
M204 S2000
G0 F9000 X121.628 Y96.16
M204 S500
G1 F1800 X93.953 Y123.835 E890.92518
M204 S2000
G0 F9000 X93.387 Y123.835
M204 S500
G1 F1800 X121.063 Y96.16 E892.22695
M204 S2000
G0 F9000 X120.497 Y96.16
M204 S500
G1 F1800 X92.822 Y123.834 E893.52867
M204 S2000
G0 F9000 X92.256 Y123.834
M204 S500
G1 F1800 X119.931 Y96.16 E894.83039
M204 S2000
G0 F9000 X119.365 Y96.16
M204 S500
G1 F1800 X91.691 Y123.834 E896.13209
M204 S2000
G0 F9000 X91.125 Y123.834
M204 S500
G1 F1800 X118.8 Y96.16 E897.43382
M204 S2000
G0 F9000 X118.234 Y96.16
M204 S500
G1 F1800 X90.56 Y123.834 E898.73552
M204 S2000
G0 F9000 X89.994 Y123.834
M204 S500
G1 F1800 X117.668 Y96.16 E900.03722
M204 S2000
G0 F9000 X117.103 Y96.16
M204 S500
G1 F1800 X89.429 Y123.834 E901.33892
M204 S2000
G0 F9000 X88.863 Y123.834
M204 S500
G1 F1800 X116.537 Y96.16 E902.64062
M204 S2000
G0 F9000 X116.537 Y95.7
G0 X115.772 Y95.772
G0 X115.709 Y96.186
G0 X114.973 Y96.699
G0 X114.973 Y97.158
M204 S500
G1 F1800 X88.298 Y123.833 E903.89533
M204 S2000
G0 F9000 X87.732 Y123.833
M204 S500
G1 F1800 X114.407 Y97.158 E905.15004
M204 S2000
G0 F9000 X113.842 Y97.158
M204 S500
G1 F1800 X87.167 Y123.833 E906.40475
M204 S2000
G0 F9000 X86.601 Y123.833
M204 S500
G1 F1800 X113.276 Y97.158 E907.65946
M204 S2000
G0 F9000 X112.71 Y97.158
M204 S500
G1 F1800 X86.222 Y123.646 E908.90537
M204 S2000
G0 F9000 X86.16 Y123.142
M204 S500
G1 F1800 X112.145 Y97.158 E910.1276
M204 S2000
G0 F9000 X111.579 Y97.158
M204 S500
G1 F1800 X86.16 Y122.576 E911.32321
M204 S2000
G0 F9000 X86.16 Y122.011
M204 S500
G1 F1800 X111.013 Y97.158 E912.49222
M204 S2000
G0 F9000 X110.447 Y97.158
M204 S500
G1 F1800 X86.16 Y121.445 E913.63461
M204 S2000
G0 F9000 X86.16 Y120.879
M204 S500
G1 F1800 X109.882 Y97.157 E914.75042
M204 S2000
G0 F9000 X109.317 Y97.157
M204 S500
G1 F1800 X86.161 Y120.313 E915.83961
M204 S2000
G0 F9000 X86.161 Y119.747
M204 S500
G1 F1800 X108.751 Y97.157 E916.90217
M204 S2000
G0 F9000 X108.185 Y97.157
M204 S500
G1 F1800 X86.161 Y119.182 E917.93813
M204 S2000
G0 F9000 X86.161 Y118.616
M204 S500
G1 F1800 X107.62 Y97.157 E918.9475
M204 S2000
G0 F9000 X107.054 Y97.157
M204 S500
G1 F1800 X86.161 Y118.05 E919.93024
M204 S2000
G0 F9000 X86.161 Y117.485
M204 S500
G1 F1800 X106.488 Y97.157 E920.88639
M204 S2000
G0 F9000 X105.923 Y97.157
M204 S500
G1 F1800 X86.162 Y116.918 E921.81588
M204 S2000
G0 F9000 X86.162 Y116.353
M204 S500
G1 F1800 X105.357 Y97.157 E922.71878
M204 S2000
G0 F9000 X104.812 Y97.137
M204 S500
G1 F1800 X86.162 Y115.787 E923.59602
M204 S2000
G0 F9000 X86.162 Y115.221
M204 S500
G1 F1800 X104.407 Y96.976 E924.45421
M204 S2000
G0 F9000 X104.098 Y96.72
M204 S500
G1 F1800 X86.162 Y114.655 E925.29784
M204 S2000
G0 F9000 X86.163 Y114.089
M204 S500
G1 F1800 X103.921 Y96.331 E926.13312
M204 S2000
G0 F9000 X103.526 Y96.16
M204 S500
G1 F1800 X86.163 Y113.523 E926.94982
M204 S2000
G0 F9000 X86.163 Y112.958
M204 S500
G1 F1800 X102.961 Y96.16 E927.73995
M204 S2000
G0 F9000 X102.395 Y96.16
M204 S500
G1 F1800 X86.163 Y112.392 E928.50345
M204 S2000
G0 F9000 X86.163 Y111.826
M204 S500
G1 F1800 X101.829 Y96.16 E929.24033
M204 S2000
G0 F9000 X101.264 Y96.16
M204 S500
G1 F1800 X86.163 Y111.26 E929.95062
M204 S2000
G0 F9000 X86.163 Y110.694
M204 S500
G1 F1800 X100.698 Y96.16 E930.63427
M204 S2000
G0 F9000 X100.132 Y96.16
M204 S500
G1 F1800 X86.163 Y110.129 E931.29133
M204 S2000
G0 F9000 X86.163 Y109.563
M204 S500
G1 F1800 X99.566 Y96.16 E931.92177
M204 S2000
G0 F9000 X99.001 Y96.16
M204 S500
G1 F1800 X86.163 Y108.997 E932.52561
M204 S2000
G0 F9000 X86.164 Y108.431
M204 S500
G1 F1800 X98.435 Y96.16 E933.1028
M204 S2000
G0 F9000 X97.869 Y96.16
M204 S500
G1 F1800 X86.164 Y107.865 E933.65336
M204 S2000
G0 F9000 X86.164 Y107.299
M204 S500
G1 F1800 X97.304 Y96.16 E934.17733
M204 S2000
G0 F9000 X96.738 Y96.16
M204 S500
G1 F1800 X86.164 Y106.734 E934.6747
M204 S2000
G0 F9000 X86.164 Y106.168
M204 S500
G1 F1800 X96.172 Y96.16 E935.14544
M204 S2000
G0 F9000 X95.607 Y96.16
M204 S500
G1 F1800 X86.164 Y105.602 E935.58959
M204 S2000
G0 F9000 X86.165 Y105.036
M204 S500
G1 F1800 X95.042 Y96.159 E936.00714
M204 S2000
G0 F9000 X94.476 Y96.159
M204 S500
G1 F1800 X86.165 Y104.47 E936.39806
M204 S2000
G0 F9000 X86.165 Y103.905
M204 S500
G1 F1800 X93.91 Y96.159 E936.76239
M204 S2000
G0 F9000 X93.345 Y96.159
M204 S500
G1 F1800 X86.165 Y103.339 E937.10011
M204 S2000
G0 F9000 X86.165 Y102.773
M204 S500
G1 F1800 X92.779 Y96.159 E937.41121
M204 S2000
G0 F9000 X92.213 Y96.159
M204 S500
G1 F1800 X86.165 Y102.207 E937.69569
M204 S2000
G0 F9000 X86.165 Y101.641
M204 S500
G1 F1800 X91.648 Y96.159 E937.95357
M204 S2000
G0 F9000 X91.082 Y96.159
M204 S500
G1 F1800 X86.165 Y101.075 E938.18483
M204 S2000
G0 F9000 X86.165 Y100.51
M204 S500
G1 F1800 X90.516 Y96.159 E938.38949
M204 S2000
G0 F9000 X89.951 Y96.159
M204 S500
G1 F1800 X86.165 Y99.944 E938.56755
M204 S2000
G0 F9000 X86.166 Y99.378
M204 S500
G1 F1800 X89.385 Y96.159 E938.71896
M204 S2000
G0 F9000 X88.819 Y96.159
M204 S500
G1 F1800 X86.166 Y98.812 E938.84375
M204 S2000
G0 F9000 X86.166 Y98.246
M204 S500
G1 F1800 X88.253 Y96.159 E938.94191
M204 S2000
G0 F9000 X87.688 Y96.159
M204 S500
G1 F1800 X86.166 Y97.681 E939.0135
M204 S2000
G0 F9000 X86.166 Y97.115
M204 S500
G1 F1800 X87.122 Y96.159 E939.05847
M204 S2000
G0 F9000 X86.556 Y96.159
M204 S500
G1 F1800 X86.166 Y96.549 E939.07682
M204 S2000
G1 F2400 E938.27682
;MESH:NONMESH
G0 F300 X86.166 Y96.549 Z1.8
G0 F9000 X85.707 Y96.548
G0 X85.761 Y123.468
G0 X85.819 Y123.771
G0 X86.026 Y124.057
G0 X86.317 Y124.197
G0 X104.4 Y124.4
;TIME_ELAPSED:1084.167918
;LAYER:8
M204 S500
;TYPE:WALL-INNER
;MESH:ParametricSnapInCP2102-CaseTop.stl
G1 F2400 E939.07682
G1 F1800 X104.4 Y124 E939.09012
G1 X104.5 Y123.667 E939.10168
G1 X104.743 Y123.457 E939.11237
G1 X104.963 Y123.401 E939.11992
G1 X115.073 Y123.404 E939.45618
G1 X115.257 Y123.457 E939.46254
G1 X115.5 Y123.667 E939.47323
G1 X115.6 Y124 E939.48479
G1 X115.6 Y124.4 E939.4981
G1 X133.606 Y124.4 E940.09698
G1 X133.835 Y124.33 E940.10494
G1 X134.089 Y124.186 E940.11465
G1 X134.268 Y123.959 E940.12427
G1 X134.363 Y123.764 E940.13148
G1 X134.397 Y123.54 E940.13902
G1 X134.399 Y96.394 E941.0419
G1 X134.329 Y96.165 E941.04986
G1 X134.187 Y95.911 E941.05954
G1 X133.96 Y95.732 E941.06916
G1 X133.764 Y95.637 E941.0764
G1 X133.539 Y95.603 E941.08397
G1 X115.601 Y95.601 E941.68059
G1 X115.601 Y96 E941.69386
G1 X115.501 Y96.332 E941.70539
G1 X115.257 Y96.543 E941.71612
G1 X115.037 Y96.599 E941.72367
G1 X104.927 Y96.596 E942.05993
G1 X104.743 Y96.543 E942.0663
G1 X104.5 Y96.332 E942.077
G1 X104.4 Y96 E942.08854
G1 X104.4 Y95.6 E942.10184
G1 X86.45 Y95.6 E942.69886
G1 X86.214 Y95.641 E942.70683
G1 X85.92 Y95.818 E942.71824
G1 X85.758 Y95.979 E942.72584
G1 X85.603 Y96.406 E942.74095
G1 X85.601 Y123.551 E943.64379
G1 X85.642 Y123.785 E943.65169
G1 X85.819 Y124.08 E943.66314
G1 X85.98 Y124.241 E943.67071
G1 X86.407 Y124.398 E943.68584
G1 X104.4 Y124.4 E944.28429
M204 S2000
G0 F9000 X104.8 Y124.8
M204 S500
;TYPE:WALL-OUTER
G1 F1800 X104.8 Y124 E944.3109
G1 X104.833 Y123.889 E944.31475
G1 X104.987 Y123.8 E944.32067
G1 X115.025 Y123.801 E944.65453
G1 X115.167 Y123.889 E944.66009
G1 X115.2 Y124 E944.66394
G1 X115.2 Y124.8 E944.69055
G1 X133.666 Y124.8 E945.30473
G1 X133.993 Y124.7 E945.3161
G1 X134.354 Y124.496 E945.32989
G1 X134.609 Y124.173 E945.34358
G1 X134.749 Y123.884 E945.35426
G1 X134.797 Y123.57 E945.36483
G1 X134.799 Y96.334 E946.2707
G1 X134.699 Y96.007 E946.28207
G1 X134.497 Y95.646 E946.29583
G1 X134.174 Y95.391 E946.30952
G1 X133.884 Y95.251 E946.32023
G1 X133.569 Y95.203 E946.33083
G1 X115.201 Y95.201 E946.94175
G1 X115.201 Y96 E946.96832
G1 X115.167 Y96.111 E946.97219
G1 X115.013 Y96.2 E946.9781
G1 X104.975 Y96.199 E947.31197
G1 X104.833 Y96.111 E947.31752
G1 X104.8 Y96 E947.32138
G1 X104.8 Y95.2 E947.34798
G1 X86.416 Y95.2 E947.95944
G1 X86.072 Y95.26 E947.97105
G1 X85.672 Y95.5 E947.98657
G1 X85.427 Y95.745 E947.99809
G1 X85.28 Y96.053 E948.00944
G1 X85.203 Y96.356 E948.01984
G1 X85.201 Y123.585 E948.92548
G1 X85.26 Y123.927 E948.93702
G1 X85.501 Y124.328 E948.95258
G1 X85.745 Y124.573 E948.96408
G1 X86.053 Y124.72 E948.97544
G1 X86.356 Y124.798 E948.98584
G1 X104.8 Y124.8 E949.59929
M204 S2000
G0 F9000 X104.53 Y124.53
G0 X104.572 Y123.572
G0 X115.428 Y123.572
G0 X115.436 Y124.169
G0 X115.979 Y124.3
G0 X115.979 Y124.04
M204 S500
;TYPE:SKIN
G1 F1800 X115.809 Y123.474 E949.61895
G1 X115.608 Y123.258 E949.62876
G1 X115.294 Y123.085 E949.64069
G1 X115.084 Y123.044 E949.6478
G1 X104.934 Y123.041 E949.98539
G1 X104.706 Y123.085 E949.99312
G1 X104.413 Y123.244 E950.0042
G1 X104.191 Y123.472 E950.01479
G1 X104.02 Y124.04 E950.03452
G1 X86.459 Y124.038 E950.6186
G1 X86.186 Y123.939 E950.62826
G1 X85.962 Y123.619 E950.64125
G1 X85.963 Y96.458 E951.54463
G1 X86.063 Y96.186 E951.55427
G1 X86.376 Y95.96 E951.56711
G1 X104.02 Y95.96 E952.15395
G1 X104.191 Y96.526 E952.17361
G1 X104.392 Y96.742 E952.18343
G1 X104.706 Y96.915 E952.19535
G1 X104.925 Y96.958 E952.20277
G1 X115.065 Y96.959 E952.54003
G1 X115.293 Y96.916 E952.54775
G1 X115.588 Y96.755 E952.55893
G1 X115.81 Y96.527 E952.56951
G1 X115.98 Y95.962 E952.58914
G1 X133.614 Y95.964 E953.17564
G1 X133.905 Y96.153 E953.18719
G1 X134.038 Y96.457 E953.19822
G1 X134.037 Y123.612 E954.1014
G1 X133.848 Y123.904 E954.11297
G1 X133.541 Y124.04 E954.12414
G1 X115.979 Y124.04 E954.70825
M204 S2000
G1 F2400 E953.90825
G0 F9000 X115.979 Y124.3
G0 X115.436 Y124.16
G0 X115.428 Y123.572
G0 X104.572 Y123.572
G0 X104.561 Y124.226
G0 X86.501 Y124.298
G0 X86.502 Y123.837
M204 S500
G1 F2400 E954.70825
G1 F1800 X86.162 Y123.497 E954.72424
M204 S2000
G0 F9000 X86.162 Y122.931
M204 S500
G1 F1800 X87.068 Y123.837 E954.76686
M204 S2000
G0 F9000 X87.633 Y123.837
M204 S500
G1 F1800 X86.162 Y122.366 E954.83605
M204 S2000
G0 F9000 X86.162 Y121.8
M204 S500
G1 F1800 X88.199 Y123.837 E954.93187
M204 S2000
G0 F9000 X88.765 Y123.837
M204 S500
G1 F1800 X86.162 Y121.234 E955.0543
M204 S2000
G0 F9000 X86.162 Y120.669
M204 S500
G1 F1800 X89.33 Y123.837 E955.20332
M204 S2000
G0 F9000 X89.896 Y123.837
M204 S500
G1 F1800 X86.162 Y120.103 E955.37895
M204 S2000
G0 F9000 X86.162 Y119.537
M204 S500
G1 F1800 X90.462 Y123.837 E955.58121
M204 S2000
G0 F9000 X91.027 Y123.837
M204 S500
G1 F1800 X86.162 Y118.972 E955.81005
M204 S2000
G0 F9000 X86.162 Y118.406
M204 S500
G1 F1800 X91.593 Y123.837 E956.0655
M204 S2000
G0 F9000 X92.159 Y123.837
M204 S500
G1 F1800 X86.162 Y117.84 E956.34758
M204 S2000
G0 F9000 X86.162 Y117.275
M204 S500
G1 F1800 X92.725 Y123.837 E956.65626
M204 S2000
G0 F9000 X93.29 Y123.837
M204 S500
G1 F1800 X86.162 Y116.709 E956.99154
M204 S2000
G0 F9000 X86.162 Y116.143
M204 S500
G1 F1800 X93.856 Y123.837 E957.35344
M204 S2000
G0 F9000 X94.422 Y123.837
M204 S500
G1 F1800 X86.162 Y115.578 E957.74195
M204 S2000
G0 F9000 X86.162 Y115.012
M204 S500
G1 F1800 X94.987 Y123.837 E958.15705
M204 S2000
G0 F9000 X95.553 Y123.837
M204 S500
G1 F1800 X86.162 Y114.446 E958.59877
M204 S2000
G0 F9000 X86.162 Y113.88
M204 S500
G1 F1800 X96.119 Y123.837 E959.06712
M204 S2000
G0 F9000 X96.684 Y123.837
M204 S500
G1 F1800 X86.162 Y113.315 E959.56204
M204 S2000
G0 F9000 X86.162 Y112.749
M204 S500
G1 F1800 X97.25 Y123.837 E960.08359
M204 S2000
G0 F9000 X97.816 Y123.837
M204 S500
G1 F1800 X86.162 Y112.183 E960.63175
M204 S2000
G0 F9000 X86.162 Y111.618
M204 S500
G1 F1800 X98.381 Y123.837 E961.2065
M204 S2000
G0 F9000 X98.947 Y123.837
M204 S500
G1 F1800 X86.162 Y111.052 E961.80787
M204 S2000
G0 F9000 X86.162 Y110.486
M204 S500
G1 F1800 X99.513 Y123.837 E962.43586
M204 S2000
G0 F9000 X100.078 Y123.837
M204 S500
G1 F1800 X86.162 Y109.921 E963.09042
M204 S2000
G0 F9000 X86.162 Y109.355
M204 S500
G1 F1800 X100.644 Y123.837 E963.77161
M204 S2000
G0 F9000 X101.21 Y123.837
M204 S500
G1 F1800 X86.162 Y108.789 E964.47942
M204 S2000
G0 F9000 X86.162 Y108.224
M204 S500
G1 F1800 X101.776 Y123.837 E965.21383
M204 S2000
G0 F9000 X102.341 Y123.837
M204 S500
G1 F1800 X86.162 Y107.658 E965.97484
M204 S2000
G0 F9000 X86.162 Y107.092
M204 S500
G1 F1800 X102.907 Y123.837 E966.76248
M204 S2000
G0 F9000 X103.473 Y123.837
M204 S500
G1 F1800 X86.162 Y106.527 E967.57671
M204 S2000
G0 F9000 X86.162 Y105.961
M204 S500
G1 F1800 X103.91 Y123.709 E968.41152
M204 S2000
G0 F9000 X104.073 Y123.306
M204 S500
G1 F1800 X86.162 Y105.395 E969.254
M204 S2000
G0 F9000 X86.162 Y104.829
M204 S500
G1 F1800 X104.372 Y123.04 E970.11057
M204 S2000
G0 F9000 X104.769 Y122.871
M204 S500
G1 F1800 X86.162 Y104.264 E970.98578
M204 S2000
G0 F9000 X86.162 Y103.698
M204 S500
G1 F1800 X105.304 Y122.84 E971.88616
M204 S2000
G0 F9000 X105.87 Y122.84
M204 S500
G1 F1800 X86.162 Y103.132 E972.81317
M204 S2000
G0 F9000 X86.162 Y102.567
M204 S500
G1 F1800 X106.435 Y122.84 E973.76675
M204 S2000
G0 F9000 X107.001 Y122.84
M204 S500
G1 F1800 X86.162 Y102.001 E974.74695
M204 S2000
G0 F9000 X86.162 Y101.435
M204 S500
G1 F1800 X107.567 Y122.84 E975.75378
M204 S2000
G0 F9000 X108.132 Y122.84
M204 S500
G1 F1800 X86.162 Y100.87 E976.78718
M204 S2000
G0 F9000 X86.162 Y100.304
M204 S500
G1 F1800 X108.698 Y122.84 E977.8472
M204 S2000
G0 F9000 X109.264 Y122.84
M204 S500
G1 F1800 X86.162 Y99.738 E978.93385
M204 S2000
G0 F9000 X86.162 Y99.173
M204 S500
G1 F1800 X109.829 Y122.84 E980.04707
M204 S2000
G0 F9000 X110.395 Y122.84
M204 S500
G1 F1800 X86.162 Y98.607 E981.18692
M204 S2000
G0 F9000 X86.162 Y98.041
M204 S500
G1 F1800 X110.961 Y122.84 E982.35339
M204 S2000
G0 F9000 X111.527 Y122.84
M204 S500
G1 F1800 X86.162 Y97.476 E983.54646
M204 S2000
G0 F9000 X86.162 Y96.91
M204 S500
G1 F1800 X112.092 Y122.84 E984.76612
M204 S2000
G0 F9000 X112.658 Y122.84
M204 S500
G1 F1800 X86.202 Y96.385 E986.01051
M204 S2000
G0 F9000 X86.542 Y96.159
M204 S500
G1 F1800 X113.224 Y122.84 E987.26552
M204 S2000
G0 F9000 X113.789 Y122.84
M204 S500
G1 F1800 X87.108 Y96.159 E988.52052
M204 S2000
G0 F9000 X87.674 Y96.159
M204 S500
G1 F1800 X114.355 Y122.84 E989.77551
M204 S2000
G0 F9000 X114.921 Y122.84
M204 S500
G1 F1800 X88.239 Y96.159 E991.03053
M204 S2000
G0 F9000 X88.805 Y96.159
M204 S500
G1 F1800 X116.485 Y123.839 E992.33251
M204 S2000
G0 F9000 X117.051 Y123.839
M204 S500
G1 F1800 X89.371 Y96.159 E993.63449
M204 S2000
G0 F9000 X89.936 Y96.159
M204 S500
G1 F1800 X117.617 Y123.839 E994.9365
M204 S2000
G0 F9000 X118.182 Y123.839
M204 S500
G1 F1800 X90.502 Y96.159 E996.23848
M204 S2000
G0 F9000 X91.068 Y96.159
M204 S500
G1 F1800 X118.748 Y123.839 E997.54046
M204 S2000
G0 F9000 X119.314 Y123.839
M204 S500
G1 F1800 X91.633 Y96.159 E998.84247
M204 S2000
G0 F9000 X92.199 Y96.159
M204 S500
G1 F1800 X119.88 Y123.839 E1000.14447
M204 S2000
G0 F9000 X120.445 Y123.839
M204 S500
G1 F1800 X92.766 Y96.16 E1001.44641
M204 S2000
G0 F9000 X93.331 Y96.16
M204 S500
G1 F1800 X121.011 Y123.839 E1002.74837
M204 S2000
G0 F9000 X121.577 Y123.839
M204 S500
G1 F1800 X93.897 Y96.16 E1004.05033
M204 S2000
G0 F9000 X94.463 Y96.16
M204 S500
G1 F1800 X122.142 Y123.839 E1005.35226
M204 S2000
G0 F9000 X122.708 Y123.839
M204 S500
G1 F1800 X95.028 Y96.16 E1006.65422
M204 S2000
G0 F9000 X95.594 Y96.16
M204 S500
G1 F1800 X123.274 Y123.839 E1007.95618
M204 S2000
G0 F9000 X123.839 Y123.839
M204 S500
G1 F1800 X96.16 Y96.16 E1009.25811
M204 S2000
G0 F9000 X96.725 Y96.16
M204 S500
G1 F1800 X124.405 Y123.839 E1010.56007
M204 S2000
G0 F9000 X124.971 Y123.839
M204 S500
G1 F1800 X97.291 Y96.16 E1011.86203
M204 S2000
G0 F9000 X97.857 Y96.16
M204 S500
G1 F1800 X125.536 Y123.839 E1013.16397
M204 S2000
G0 F9000 X126.102 Y123.839
M204 S500
G1 F1800 X98.423 Y96.16 E1014.4659
M204 S2000
G0 F9000 X98.989 Y96.16
M204 S500
G1 F1800 X126.668 Y123.839 E1015.76784
M204 S2000
G0 F9000 X127.233 Y123.839
M204 S500
G1 F1800 X99.554 Y96.16 E1017.06977
M204 S2000
G0 F9000 X100.12 Y96.16
M204 S500
G1 F1800 X127.799 Y123.839 E1018.37171
M204 S2000
G0 F9000 X128.365 Y123.839
M204 S500
G1 F1800 X100.686 Y96.16 E1019.67364
M204 S2000
G0 F9000 X101.252 Y96.16
M204 S500
G1 F1800 X128.931 Y123.839 E1020.97558
M204 S2000
G0 F9000 X129.496 Y123.839
M204 S500
G1 F1800 X101.817 Y96.16 E1022.27751
M204 S2000
G0 F9000 X102.383 Y96.16
M204 S500
G1 F1800 X130.062 Y123.839 E1023.57945
M204 S2000
G0 F9000 X130.628 Y123.839
M204 S500
G1 F1800 X102.949 Y96.16 E1024.88138
M204 S2000
G0 F9000 X103.514 Y96.16
M204 S500
G1 F1800 X131.193 Y123.839 E1026.18332
M204 S2000
G0 F9000 X131.759 Y123.839
M204 S500
G1 F1800 X105.076 Y97.156 E1027.43841
M204 S2000
G0 F9000 X105.641 Y97.156
M204 S500
G1 F1800 X132.325 Y123.839 E1028.69352
M204 S2000
G0 F9000 X132.89 Y123.839
M204 S500
G1 F1800 X106.207 Y97.156 E1029.9486
M204 S2000
G0 F9000 X106.773 Y97.156
M204 S500
G1 F1800 X133.456 Y123.839 E1031.20369
M204 S2000
G0 F9000 X133.797 Y123.614
M204 S500
G1 F1800 X107.338 Y97.156 E1032.44822
M204 S2000
G0 F9000 X107.904 Y97.156
M204 S500
G1 F1800 X133.836 Y123.088 E1033.66798
M204 S2000
G0 F9000 X133.836 Y122.523
M204 S500
G1 F1800 X108.47 Y97.157 E1034.86112
M204 S2000
G0 F9000 X109.036 Y97.157
M204 S500
G1 F1800 X133.836 Y121.957 E1036.02763
M204 S2000
G0 F9000 X133.836 Y121.391
M204 S500
G1 F1800 X109.602 Y97.157 E1037.16753
M204 S2000
G0 F9000 X110.167 Y97.157
M204 S500
G1 F1800 X133.836 Y120.826 E1038.28084
M204 S2000
G0 F9000 X133.836 Y120.26
M204 S500
G1 F1800 X110.733 Y97.157 E1039.36754
M204 S2000
G0 F9000 X111.299 Y97.157
M204 S500
G1 F1800 X133.836 Y119.694 E1040.42761
M204 S2000
G0 F9000 X133.836 Y119.129
M204 S500
G1 F1800 X111.865 Y97.157 E1041.46108
M204 S2000
G0 F9000 X112.431 Y97.157
M204 S500
G1 F1800 X133.836 Y118.563 E1042.46793
M204 S2000
G0 F9000 X133.836 Y117.997
M204 S500
G1 F1800 X112.997 Y97.157 E1043.44816
M204 S2000
G0 F9000 X113.562 Y97.157
M204 S500
G1 F1800 X133.836 Y117.432 E1044.40181
M204 S2000
G0 F9000 X133.836 Y116.866
M204 S500
G1 F1800 X114.128 Y97.157 E1045.32883
M204 S2000
G0 F9000 X114.694 Y97.157
M204 S500
G1 F1800 X133.836 Y116.3 E1046.22924
M204 S2000
G0 F9000 X133.836 Y115.734
M204 S500
G1 F1800 X115.234 Y97.132 E1047.10422
M204 S2000
G0 F9000 X115.626 Y96.959
M204 S500
G1 F1800 X133.836 Y115.169 E1047.96076
M204 S2000
G0 F9000 X133.836 Y114.603
M204 S500
G1 F1800 X115.926 Y96.693 E1048.80319
M204 S2000
G0 F9000 X116.089 Y96.29
M204 S500
G1 F1800 X133.836 Y114.037 E1049.63796
M204 S2000
G0 F9000 X133.836 Y113.472
M204 S500
G1 F1800 X116.527 Y96.162 E1050.45214
M204 S2000
G0 F9000 X117.093 Y96.162
M204 S500
G1 F1800 X133.836 Y112.906 E1051.23971
M204 S2000
G0 F9000 X133.836 Y112.34
M204 S500
G1 F1800 X117.659 Y96.162 E1052.00065
M204 S2000
G0 F9000 X118.224 Y96.162
M204 S500
G1 F1800 X133.836 Y111.775 E1052.73501
M204 S2000
G0 F9000 X133.836 Y111.209
M204 S500
G1 F1800 X118.79 Y96.162 E1053.44275
M204 S2000
G0 F9000 X119.356 Y96.162
M204 S500
G1 F1800 X133.836 Y110.643 E1054.12387
M204 S2000
G0 F9000 X133.836 Y110.078
M204 S500
G1 F1800 X119.921 Y96.162 E1054.77841
M204 S2000
G0 F9000 X120.487 Y96.162
M204 S500
G1 F1800 X133.836 Y109.512 E1055.40633
M204 S2000
G0 F9000 X133.836 Y108.946
M204 S500
G1 F1800 X121.053 Y96.162 E1056.00763
M204 S2000
G0 F9000 X121.618 Y96.162
M204 S500
G1 F1800 X133.836 Y108.381 E1056.58235
M204 S2000
G0 F9000 X133.836 Y107.815
M204 S500
G1 F1800 X122.184 Y96.162 E1057.13045
M204 S2000
G0 F9000 X122.75 Y96.162
M204 S500
G1 F1800 X133.836 Y107.249 E1057.65192
M204 S2000
G0 F9000 X133.836 Y106.684
M204 S500
G1 F1800 X123.315 Y96.162 E1058.14682
M204 S2000
G0 F9000 X123.881 Y96.162
M204 S500
G1 F1800 X133.836 Y106.118 E1058.6151
M204 S2000
G0 F9000 X133.836 Y105.552
M204 S500
G1 F1800 X124.447 Y96.162 E1059.05675
M204 S2000
G0 F9000 X125.013 Y96.163
M204 S500
G1 F1800 X133.836 Y104.986 E1059.47176
M204 S2000
G0 F9000 X133.836 Y104.421
M204 S500
G1 F1800 X125.579 Y96.163 E1059.86016
M204 S2000
G0 F9000 X126.145 Y96.163
M204 S500
G1 F1800 X133.836 Y103.855 E1060.22195
M204 S2000
G0 F9000 X133.836 Y103.289
M204 S500
G1 F1800 X126.71 Y96.163 E1060.55713
M204 S2000
G0 F9000 X127.276 Y96.163
M204 S500
G1 F1800 X133.836 Y102.724 E1060.86572
M204 S2000
G0 F9000 X133.836 Y102.158
M204 S500
G1 F1800 X127.842 Y96.163 E1061.14768
M204 S2000
G0 F9000 X128.407 Y96.163
M204 S500
G1 F1800 X133.836 Y101.592 E1061.40305
M204 S2000
G0 F9000 X133.836 Y101.027
M204 S500
G1 F1800 X128.973 Y96.163 E1061.63181
M204 S2000
G0 F9000 X129.539 Y96.163
M204 S500
G1 F1800 X133.836 Y100.461 E1061.83395
M204 S2000
G0 F9000 X133.836 Y99.895
M204 S500
G1 F1800 X130.104 Y96.163 E1062.00949
M204 S2000
G0 F9000 X130.67 Y96.163
M204 S500
G1 F1800 X133.836 Y99.33 E1062.15844
M204 S2000
G0 F9000 X133.836 Y98.764
M204 S500
G1 F1800 X131.236 Y96.163 E1062.28076
M204 S2000
G0 F9000 X131.801 Y96.163
M204 S500
G1 F1800 X133.836 Y98.198 E1062.37648
M204 S2000
G0 F9000 X133.836 Y97.633
M204 S500
G1 F1800 X132.367 Y96.163 E1062.4456
M204 S2000
G0 F9000 X132.933 Y96.163
M204 S500
G1 F1800 X133.836 Y97.067 E1062.48809
M204 S2000
G0 F9000 X133.836 Y96.501
M204 S500
G1 F1800 X133.498 Y96.163 E1062.50399
M204 S2000
G1 F2400 E1061.70399
;MESH:NONMESH
G0 F300 X133.498 Y96.163 Z2
G0 F9000 X133.565 Y95.709
G0 X134.062 Y96.018
G0 X134.238 Y96.416
G0 X134.206 Y123.718
G0 X133.981 Y124.061
G0 X133.584 Y124.239
G0 X115.772 Y124.228
G0 X115.22 Y123.271
G0 X104.572 Y123.572
G0 X104.4 Y124.4
;TIME_ELAPSED:1222.998768
;LAYER:9
M204 S500
;TYPE:WALL-INNER
;MESH:ParametricSnapInCP2102-CaseTop.stl
G1 F2400 E1062.50399
G1 F1800 X104.4 Y124 E1062.5173
G1 X104.5 Y123.667 E1062.52886
G1 X104.743 Y123.457 E1062.53954
G1 X104.963 Y123.401 E1062.54709
G1 X115.073 Y123.404 E1062.88335
G1 X115.257 Y123.457 E1062.88972
G1 X115.5 Y123.667 E1062.90041
G1 X115.6 Y124 E1062.91197
G1 X115.6 Y124.4 E1062.92527
G1 X133.548 Y124.399 E1063.52223
G1 X133.786 Y124.358 E1063.53026
G1 X134.094 Y124.182 E1063.54206
G1 X134.308 Y123.906 E1063.55367
G1 X134.398 Y123.59 E1063.5646
G1 X134.399 Y96.454 E1064.46715
G1 X134.357 Y96.212 E1064.47532
G1 X134.186 Y95.909 E1064.48689
G1 X133.906 Y95.691 E1064.49869
G1 X133.59 Y95.603 E1064.5096
G1 X115.601 Y95.601 E1065.10792
G1 X115.601 Y96 E1065.12119
G1 X115.501 Y96.332 E1065.13272
G1 X115.257 Y96.543 E1065.14345
G1 X115.037 Y96.599 E1065.151
G1 X104.927 Y96.596 E1065.48726
G1 X104.743 Y96.543 E1065.49363
G1 X104.5 Y96.332 E1065.50433
G1 X104.4 Y96 E1065.51587
G1 X104.4 Y95.6 E1065.52917
G1 X86.394 Y95.6 E1066.12805
G1 X86.175 Y95.667 E1066.13567
G1 X85.918 Y95.821 E1066.14564
G1 X85.762 Y95.976 E1066.15295
G1 X85.602 Y96.368 E1066.16703
G1 X85.6 Y123.606 E1067.07297
G1 X85.667 Y123.825 E1067.08059
G1 X85.821 Y124.082 E1067.09055
G1 X85.976 Y124.238 E1067.09787
G1 X86.368 Y124.398 E1067.11195
G1 X104.4 Y124.4 E1067.7117
M204 S2000
G0 F9000 X104.8 Y124.8
M204 S500
;TYPE:WALL-OUTER
G1 F1800 X104.8 Y124 E1067.7383
G1 X104.833 Y123.889 E1067.74216
G1 X104.987 Y123.8 E1067.74807
G1 X115.025 Y123.801 E1068.08194
G1 X115.167 Y123.889 E1068.08749
G1 X115.2 Y124 E1068.09135
G1 X115.2 Y124.8 E1068.11795
G1 X133.582 Y124.799 E1068.72934
G1 X133.923 Y124.74 E1068.74085
G1 X134.358 Y124.493 E1068.75749
G1 X134.672 Y124.092 E1068.77443
G1 X134.798 Y123.644 E1068.78991
G1 X134.799 Y96.419 E1069.69541
G1 X134.739 Y96.075 E1069.70703
G1 X134.495 Y95.643 E1069.72353
G1 X134.092 Y95.327 E1069.74056
G1 X133.644 Y95.203 E1069.75602
G1 X115.201 Y95.201 E1070.36944
G1 X115.201 Y96 E1070.39602
G1 X115.167 Y96.111 E1070.39988
G1 X115.013 Y96.2 E1070.40579
G1 X104.975 Y96.199 E1070.73966
G1 X104.833 Y96.111 E1070.74522
G1 X104.8 Y96 E1070.74907
G1 X104.8 Y95.2 E1070.77567
G1 X86.334 Y95.2 E1071.38986
G1 X86.012 Y95.299 E1071.40106
G1 X85.67 Y95.503 E1071.41431
G1 X85.422 Y95.75 E1071.42595
G1 X85.24 Y96.196 E1071.44197
G1 X85.202 Y96.44 E1071.45018
G1 X85.2 Y123.666 E1072.35572
G1 X85.299 Y123.988 E1072.36693
G1 X85.503 Y124.33 E1072.38017
G1 X85.75 Y124.578 E1072.39181
G1 X86.196 Y124.76 E1072.40784
G1 X86.44 Y124.798 E1072.41605
G1 X104.8 Y124.8 E1073.0267
M204 S2000
G0 F9000 X104.53 Y124.53
G0 X104.572 Y123.572
G0 X115.428 Y123.572
G0 X115.436 Y124.169
G0 X115.979 Y124.3
G0 X115.979 Y124.04
M204 S500
;TYPE:SKIN
G1 F1800 X115.809 Y123.474 E1073.04636
G1 X115.608 Y123.258 E1073.05617
G1 X115.294 Y123.085 E1073.0681
G1 X115.084 Y123.044 E1073.07521
G1 X104.934 Y123.041 E1073.41281
G1 X104.706 Y123.085 E1073.42053
G1 X104.413 Y123.244 E1073.43162
G1 X104.191 Y123.472 E1073.4422
G1 X104.02 Y124.04 E1073.46193
G1 X86.44 Y124.038 E1074.04664
G1 X86.14 Y123.915 E1074.05743
G1 X85.96 Y123.611 E1074.06918
G1 X85.962 Y96.44 E1074.97289
G1 X86.084 Y96.14 E1074.98366
G1 X86.389 Y95.96 E1074.99544
G1 X104.02 Y95.96 E1075.58185
G1 X104.19 Y96.522 E1075.60138
G1 X104.391 Y96.742 E1075.61129
G1 X104.706 Y96.915 E1075.62324
G1 X104.925 Y96.958 E1075.63066
G1 X115.065 Y96.959 E1075.96792
G1 X115.293 Y96.916 E1075.97564
G1 X115.588 Y96.755 E1075.98682
G1 X115.81 Y96.527 E1075.9974
G1 X115.98 Y95.962 E1076.01703
G1 X133.54 Y95.964 E1076.60107
G1 X133.72 Y96.014 E1076.60729
G1 X133.885 Y96.132 E1076.61403
G1 X134.038 Y96.382 E1076.62378
G1 X134.038 Y123.537 E1077.52696
G1 X133.967 Y123.756 E1077.53462
G1 X133.866 Y123.884 E1077.54004
G1 X133.662 Y124.012 E1077.54805
G1 X133.512 Y124.039 E1077.55312
G1 X115.979 Y124.04 E1078.13627
M204 S2000
G0 F9000 X115.979 Y124.3
G0 X133.732 Y124.204
G0 X134.245 Y123.74
G0 X133.796 Y123.59
M204 S500
G1 F1800 X133.547 Y123.839 E1078.14798
M204 S2000
G0 F9000 X132.982 Y123.839
M204 S500
G1 F1800 X133.836 Y122.984 E1078.18818
M204 S2000
G0 F9000 X133.836 Y122.418
M204 S500
G1 F1800 X132.416 Y123.839 E1078.25499
M204 S2000
G0 F9000 X131.85 Y123.839
M204 S500
G1 F1800 X133.836 Y121.852 E1078.34843
M204 S2000
G0 F9000 X133.836 Y121.287
M204 S500
G1 F1800 X131.284 Y123.839 E1078.46847
M204 S2000
G0 F9000 X130.719 Y123.839
M204 S500
G1 F1800 X133.836 Y120.721 E1078.61511
M204 S2000
G0 F9000 X133.836 Y120.155
M204 S500
G1 F1800 X130.153 Y123.839 E1078.78837
M204 S2000
G0 F9000 X129.587 Y123.839
M204 S500
G1 F1800 X133.836 Y119.59 E1078.98823
M204 S2000
G0 F9000 X133.836 Y119.024
M204 S500
G1 F1800 X129.022 Y123.839 E1079.21469
M204 S2000
G0 F9000 X128.456 Y123.839
M204 S500
G1 F1800 X133.836 Y118.458 E1079.46777
M204 S2000
G0 F9000 X133.836 Y117.893
M204 S500
G1 F1800 X127.89 Y123.839 E1079.74745
M204 S2000
G0 F9000 X127.325 Y123.839
M204 S500
G1 F1800 X133.836 Y117.327 E1080.05373
M204 S2000
G0 F9000 X133.836 Y116.761
M204 S500
G1 F1800 X126.759 Y123.839 E1080.38664
M204 S2000
G0 F9000 X126.193 Y123.839
M204 S500
G1 F1800 X133.836 Y116.196 E1080.74614
M204 S2000
G0 F9000 X133.836 Y115.63
M204 S500
G1 F1800 X125.628 Y123.839 E1081.13224
M204 S2000
G0 F9000 X125.062 Y123.839
M204 S500
G1 F1800 X133.836 Y115.064 E1081.54497
M204 S2000
G0 F9000 X133.836 Y114.498
M204 S500
G1 F1800 X124.496 Y123.839 E1081.98432
M204 S2000
G0 F9000 X123.93 Y123.839
M204 S500
G1 F1800 X133.836 Y113.933 E1082.45026
M204 S2000
G0 F9000 X133.836 Y113.367
M204 S500
G1 F1800 X123.364 Y123.839 E1082.94283
M204 S2000
G0 F9000 X122.798 Y123.839
M204 S500
G1 F1800 X133.836 Y112.801 E1083.46203
M204 S2000
G0 F9000 X133.836 Y112.236
M204 S500
G1 F1800 X122.233 Y123.839 E1084.0078
M204 S2000
G0 F9000 X121.667 Y123.839
M204 S500
G1 F1800 X133.836 Y111.67 E1084.58019
M204 S2000
G0 F9000 X133.836 Y111.104
M204 S500
G1 F1800 X121.101 Y123.839 E1085.17921
M204 S2000
G0 F9000 X120.536 Y123.839
M204 S500
G1 F1800 X133.836 Y110.539 E1085.8048
M204 S2000
G0 F9000 X133.836 Y109.973
M204 S500
G1 F1800 X119.97 Y123.839 E1086.45701
M204 S2000
G0 F9000 X119.404 Y123.839
M204 S500
G1 F1800 X133.836 Y109.407 E1087.13585
M204 S2000
G0 F9000 X133.836 Y108.842
M204 S500
G1 F1800 X118.839 Y123.839 E1087.84126
M204 S2000
G0 F9000 X118.273 Y123.839
M204 S500
G1 F1800 X133.836 Y108.276 E1088.5733
M204 S2000
G0 F9000 X133.836 Y107.71
M204 S500
G1 F1800 X117.707 Y123.839 E1089.33196
M204 S2000
G0 F9000 X117.142 Y123.839
M204 S500
G1 F1800 X133.836 Y107.145 E1090.11719
M204 S2000
G0 F9000 X133.836 Y106.579
M204 S500
G1 F1800 X116.576 Y123.839 E1090.92905
M204 S2000
G0 F9000 X116.101 Y123.749
M204 S500
G1 F1800 X133.836 Y106.013 E1091.76327
M204 S2000
G0 F9000 X133.836 Y105.448
M204 S500
G1 F1800 X115.952 Y123.332 E1092.60448
M204 S2000
G0 F9000 X115.66 Y123.059
M204 S500
G1 F1800 X133.836 Y104.882 E1093.45945
M204 S2000
G0 F9000 X133.836 Y104.316
M204 S500
G1 F1800 X115.273 Y122.879 E1094.33259
M204 S2000
G0 F9000 X114.746 Y122.841
M204 S500
G1 F1800 X133.836 Y103.75 E1095.23055
M204 S2000
G0 F9000 X133.836 Y103.185
M204 S500
G1 F1800 X114.18 Y122.841 E1096.15511
M204 S2000
G0 F9000 X113.615 Y122.841
M204 S500
G1 F1800 X133.836 Y102.619 E1097.10627
M204 S2000
G0 F9000 X133.836 Y102.053
M204 S500
G1 F1800 X113.049 Y122.841 E1098.08405
M204 S2000
G0 F9000 X112.483 Y122.841
M204 S500
G1 F1800 X133.836 Y101.488 E1099.08843
M204 S2000
G0 F9000 X133.836 Y100.922
M204 S500
G1 F1800 X111.918 Y122.841 E1100.11941
M204 S2000
G0 F9000 X111.352 Y122.841
M204 S500
G1 F1800 X133.836 Y100.356 E1101.17701
M204 S2000
G0 F9000 X133.836 Y99.791
M204 S500
G1 F1800 X110.786 Y122.841 E1102.26121
M204 S2000
G0 F9000 X110.22 Y122.841
M204 S500
G1 F1800 X133.836 Y99.225 E1103.37203
M204 S2000
G0 F9000 X133.836 Y98.659
M204 S500
G1 F1800 X109.655 Y122.841 E1104.50946
M204 S2000
G0 F9000 X109.089 Y122.841
M204 S500
G1 F1800 X133.836 Y98.094 E1105.67348
M204 S2000
G0 F9000 X133.836 Y97.528
M204 S500
G1 F1800 X108.523 Y122.841 E1106.86413
M204 S2000
G0 F9000 X107.958 Y122.841
M204 S500
G1 F1800 X133.836 Y96.962 E1108.08137
M204 S2000
G0 F9000 X133.821 Y96.412
M204 S500
G1 F1800 X107.392 Y122.841 E1109.32451
M204 S2000
G0 F9000 X106.826 Y122.841
M204 S500
G1 F1800 X133.504 Y96.163 E1110.57936
M204 S2000
G0 F9000 X132.938 Y96.163
M204 S500
G1 F1800 X106.261 Y122.841 E1111.83419
M204 S2000
G0 F9000 X105.695 Y122.841
M204 S500
G1 F1800 X132.373 Y96.163 E1113.08904
M204 S2000
G0 F9000 X131.807 Y96.163
M204 S500
G1 F1800 X105.129 Y122.841 E1114.34389
M204 S2000
G0 F9000 X104.354 Y123.051
M204 S500
G1 F1800 X131.241 Y96.163 E1115.6086
M204 S2000
G0 F9000 X130.676 Y96.163
M204 S500
G1 F1800 X103.001 Y123.838 E1116.91034
M204 S2000
G0 F9000 X103.567 Y123.838
M204 S500
G1 F1800 X104.037 Y123.368 E1116.93245
M204 S2000
G0 F9000 X104.42 Y123.605
G0 X104.228 Y124.228
G0 X102.434 Y124.299
G0 X102.435 Y123.838
M204 S500
G1 F1800 X130.11 Y96.163 E1118.2342
M204 S2000
G0 F9000 X129.544 Y96.163
M204 S500
G1 F1800 X101.87 Y123.838 E1119.53592
M204 S2000
G0 F9000 X101.304 Y123.838
M204 S500
G1 F1800 X128.979 Y96.163 E1120.83767
M204 S2000
G0 F9000 X128.413 Y96.163
M204 S500
G1 F1800 X100.738 Y123.838 E1122.13942
M204 S2000
G0 F9000 X100.172 Y123.838
M204 S500
G1 F1800 X127.847 Y96.163 E1123.44116
M204 S2000
G0 F9000 X127.282 Y96.162
M204 S500
G1 F1800 X99.607 Y123.838 E1124.74294
M204 S2000
G0 F9000 X99.041 Y123.838
M204 S500
G1 F1800 X126.717 Y96.162 E1126.04473
M204 S2000
G0 F9000 X126.151 Y96.162
M204 S500
G1 F1800 X98.475 Y123.838 E1127.34652
M204 S2000
G0 F9000 X97.91 Y123.838
M204 S500
G1 F1800 X125.585 Y96.162 E1128.64829
M204 S2000
G0 F9000 X125.02 Y96.162
M204 S500
G1 F1800 X97.344 Y123.838 E1129.95009
M204 S2000
G0 F9000 X96.778 Y123.838
M204 S500
G1 F1800 X124.454 Y96.162 E1131.25188
M204 S2000
G0 F9000 X123.888 Y96.162
M204 S500
G1 F1800 X96.213 Y123.838 E1132.55365
M204 S2000
G0 F9000 X95.647 Y123.838
M204 S500
G1 F1800 X123.322 Y96.162 E1133.85542
M204 S2000
G0 F9000 X122.757 Y96.162
M204 S500
G1 F1800 X95.082 Y123.837 E1135.15717
M204 S2000
G0 F9000 X94.516 Y123.837
M204 S500
G1 F1800 X122.191 Y96.162 E1136.45892
M204 S2000
G0 F9000 X121.626 Y96.162
M204 S500
G1 F1800 X93.951 Y123.837 E1137.76067
M204 S2000
G0 F9000 X93.385 Y123.837
M204 S500
G1 F1800 X121.06 Y96.162 E1139.06241
M204 S2000
G0 F9000 X120.495 Y96.162
M204 S500
G1 F1800 X92.819 Y123.837 E1140.36418
M204 S2000
G0 F9000 X92.254 Y123.837
M204 S500
G1 F1800 X119.929 Y96.162 E1141.66593
M204 S2000
G0 F9000 X119.363 Y96.162
M204 S500
G1 F1800 X91.688 Y123.837 E1142.96768
M204 S2000
G0 F9000 X91.122 Y123.837
M204 S500
G1 F1800 X118.798 Y96.162 E1144.26945
M204 S2000
G0 F9000 X118.232 Y96.162
M204 S500
G1 F1800 X90.557 Y123.837 E1145.5712
M204 S2000
G0 F9000 X89.991 Y123.837
M204 S500
G1 F1800 X117.666 Y96.162 E1146.87294
M204 S2000
G0 F9000 X117.101 Y96.162
M204 S500
G1 F1800 X89.425 Y123.837 E1148.17471
M204 S2000
G0 F9000 X88.859 Y123.837
M204 S500
G1 F1800 X116.535 Y96.162 E1149.47648
M204 S2000
G0 F9000 X116.536 Y95.702
G0 X115.773 Y95.773
G0 X115.71 Y96.187
G0 X114.974 Y96.699
G0 X114.974 Y97.157
M204 S500
G1 F1800 X88.294 Y123.837 E1150.73143
M204 S2000
G0 F9000 X87.728 Y123.837
M204 S500
G1 F1800 X114.409 Y97.157 E1151.9864
M204 S2000
G0 F9000 X113.843 Y97.157
M204 S500
G1 F1800 X87.162 Y123.837 E1153.24137
M204 S2000
G0 F9000 X86.597 Y123.837
M204 S500
G1 F1800 X113.277 Y97.157 E1154.49631
M204 S2000
G0 F9000 X112.712 Y97.157
M204 S500
G1 F1800 X86.223 Y123.646 E1155.74227
M204 S2000
G0 F9000 X86.16 Y123.143
M204 S500
G1 F1800 X112.146 Y97.157 E1156.96458
M204 S2000
G0 F9000 X111.581 Y97.156
M204 S500
G1 F1800 X86.16 Y122.577 E1158.1603
M204 S2000
G0 F9000 X86.16 Y122.011
M204 S500
G1 F1800 X111.015 Y97.156 E1159.3294
M204 S2000
G0 F9000 X110.45 Y97.156
M204 S500
G1 F1800 X86.16 Y121.446 E1160.47193
M204 S2000
G0 F9000 X86.16 Y120.88
M204 S500
G1 F1800 X109.884 Y97.156 E1161.58784
M204 S2000
G0 F9000 X109.318 Y97.156
M204 S500
G1 F1800 X86.16 Y120.314 E1162.67712
M204 S2000
G0 F9000 X86.16 Y119.749
M204 S500
G1 F1800 X108.753 Y97.156 E1163.73982
M204 S2000
G0 F9000 X108.188 Y97.155
M204 S500
G1 F1800 X86.16 Y119.183 E1164.77595
M204 S2000
G0 F9000 X86.16 Y118.617
M204 S500
G1 F1800 X107.622 Y97.155 E1165.78546
M204 S2000
G0 F9000 X107.056 Y97.155
M204 S500
G1 F1800 X86.16 Y118.052 E1166.76837
M204 S2000
G0 F9000 X86.16 Y117.486
M204 S500
G1 F1800 X106.49 Y97.155 E1167.72465
M204 S2000
G0 F9000 X105.925 Y97.155
M204 S500
G1 F1800 X86.16 Y116.92 E1168.65434
M204 S2000
G0 F9000 X86.16 Y116.355
M204 S500
G1 F1800 X105.359 Y97.155 E1169.55742
M204 S2000
G0 F9000 X104.811 Y97.138
M204 S500
G1 F1800 X86.16 Y115.789 E1170.43471
M204 S2000
G0 F9000 X86.16 Y115.223
M204 S500
G1 F1800 X104.407 Y96.976 E1171.29299
M204 S2000
G0 F9000 X104.098 Y96.72
M204 S500
G1 F1800 X86.16 Y114.658 E1172.13674
M204 S2000
G0 F9000 X86.16 Y114.091
M204 S500
G1 F1800 X103.922 Y96.33 E1172.97219
M204 S2000
G0 F9000 X103.526 Y96.16
M204 S500
G1 F1800 X86.16 Y113.525 E1173.789
M204 S2000
G0 F9000 X86.16 Y112.96
M204 S500
G1 F1800 X102.961 Y96.16 E1174.57925
M204 S2000
G0 F9000 X102.395 Y96.16
M204 S500
G1 F1800 X86.16 Y112.394 E1175.34287
M204 S2000
G0 F9000 X86.16 Y111.828
M204 S500
G1 F1800 X101.829 Y96.16 E1176.07987
M204 S2000
G0 F9000 X101.264 Y96.16
M204 S500
G1 F1800 X86.16 Y111.263 E1176.79029
M204 S2000
G0 F9000 X86.16 Y110.697
M204 S500
G1 F1800 X100.698 Y96.16 E1177.47409
M204 S2000
G0 F9000 X100.132 Y96.16
M204 S500
G1 F1800 X86.16 Y110.131 E1178.13127
M204 S2000
G0 F9000 X86.16 Y109.566
M204 S500
G1 F1800 X99.566 Y96.16 E1178.76184
M204 S2000
G0 F9000 X99.001 Y96.16
M204 S500
G1 F1800 X86.16 Y109 E1179.36582
M204 S2000
G0 F9000 X86.16 Y108.434
M204 S500
G1 F1800 X98.435 Y96.16 E1179.94318
M204 S2000
G0 F9000 X97.869 Y96.16
M204 S500
G1 F1800 X86.16 Y107.869 E1180.49393
M204 S2000
G0 F9000 X86.16 Y107.303
M204 S500
G1 F1800 X97.304 Y96.16 E1181.01809
M204 S2000
G0 F9000 X96.738 Y96.16
M204 S500
G1 F1800 X86.16 Y106.737 E1181.51562
M204 S2000
G0 F9000 X86.16 Y106.172
M204 S500
G1 F1800 X96.172 Y96.16 E1181.98655
M204 S2000
G0 F9000 X95.607 Y96.16
M204 S500
G1 F1800 X86.16 Y105.606 E1182.43089
M204 S2000
G0 F9000 X86.161 Y105.04
M204 S500
G1 F1800 X95.042 Y96.159 E1182.84862
M204 S2000
G0 F9000 X94.476 Y96.159
M204 S500
G1 F1800 X86.161 Y104.474 E1183.23974
M204 S2000
G0 F9000 X86.161 Y103.908
M204 S500
G1 F1800 X93.91 Y96.159 E1183.60423
M204 S2000
G0 F9000 X93.345 Y96.159
M204 S500
G1 F1800 X86.161 Y103.342 E1183.94212
M204 S2000
G0 F9000 X86.161 Y102.777
M204 S500
G1 F1800 X92.779 Y96.159 E1184.25341
M204 S2000
G0 F9000 X92.213 Y96.159
M204 S500
G1 F1800 X86.161 Y102.211 E1184.53807
M204 S2000
G0 F9000 X86.161 Y101.645
M204 S500
G1 F1800 X91.648 Y96.159 E1184.79614
M204 S2000
G0 F9000 X91.082 Y96.159
M204 S500
G1 F1800 X86.161 Y101.08 E1185.02761
M204 S2000
G0 F9000 X86.161 Y100.514
M204 S500
G1 F1800 X90.516 Y96.159 E1185.23246
M204 S2000
G0 F9000 X89.951 Y96.159
M204 S500
G1 F1800 X86.161 Y99.948 E1185.4107
M204 S2000
G0 F9000 X86.161 Y99.383
M204 S500
G1 F1800 X89.385 Y96.159 E1185.56235
M204 S2000
G0 F9000 X88.819 Y96.159
M204 S500
G1 F1800 X86.161 Y98.817 E1185.68737
M204 S2000
G0 F9000 X86.161 Y98.251
M204 S500
G1 F1800 X88.253 Y96.159 E1185.78577
M204 S2000
G0 F9000 X87.688 Y96.159
M204 S500
G1 F1800 X86.161 Y97.686 E1185.8576
M204 S2000
G0 F9000 X86.161 Y97.12
M204 S500
G1 F1800 X87.122 Y96.159 E1185.9028
M204 S2000
G0 F9000 X86.556 Y96.159
M204 S500
G1 F1800 X86.161 Y96.554 E1185.92138
M204 S2000
G1 F2400 E1185.12138
;MESH:NONMESH
G0 F300 X86.161 Y96.554 Z2.2
G0 F9000 X85.766 Y96.233
G0 X85.926 Y96.005
G0 X86.419 Y95.761
G0 X104.58 Y95.8
G0 X105.653 Y95.347
G0 X108 Y95.335
G0 X108 Y95.8
;TIME_ELAPSED:1361.076928
;LAYER:10
M204 S500
;TYPE:SUPPORT
G1 F2400 E1185.92138
G1 F1800 X108 Y95.372 E1185.93562
G1 X107.082 Y95.371 E1185.96615
G1 X106.474 Y95.541 E1185.98715
G1 X106.509 Y95.8 E1185.99584
G1 X113.486 Y95.8 E1186.2279
G1 X113.521 Y95.542 E1186.23656
G1 X112.918 Y95.372 E1186.25739
G1 X112 Y95.372 E1186.28793
G1 X112 Y95.8 E1186.30216
M204 S2000
G1 F2400 E1185.50216
G0 F9000 X112 Y94.506
G0 X113.038 Y94.508
G0 X131.842 Y96.6
G0 X132.392 Y96.827
G0 X132.688 Y97.034
G0 X133.044 Y97.409
G0 X133.367 Y97.982
G0 X133.464 Y98.536
G0 X133.462 Y121.422
G0 X133.4 Y121.842
G0 X133.173 Y122.392
G0 X132.966 Y122.688
G0 X132.591 Y123.044
G0 X132.018 Y123.367
G0 X113.032 Y125.493
G0 X112.001 Y125.494
G0 X112 Y124.63
M204 S500
G1 F2400 E1186.30216
G1 F1800 X112 Y124.2 E1186.31646
G1 X113.486 Y124.2 E1186.36589
G1 X113.521 Y124.459 E1186.37458
G1 X112.912 Y124.629 E1186.39561
G1 X107.082 Y124.63 E1186.58952
G1 X106.473 Y124.458 E1186.61057
G1 X106.508 Y124.2 E1186.61923
G1 X108 Y124.2 E1186.66885
G1 X108 Y124.63 E1186.68315
M204 S2000
G1 F2400 E1185.88315
;MESH:ParametricSnapInCP2102-CaseTop.stl
G0 F9000 X108.001 Y125.494
G0 X107.16 Y125.494
G0 X88.757 Y123.464
G0 X88.335 Y122.043
M204 S500
;TYPE:WALL-OUTER
G1 F2400 E1186.68315
G1 F1659 X88.78 Y122.193 E1186.7001
G1 F1760.4 X109.933 Y122.195 E1187.41948
G1 F1777.8 X131.086 Y122.198 E1188.13183
G1 F1694.1 X131.439 Y122.143 E1188.14445
G1 F1589.4 X131.756 Y121.969 E1188.15807
G1 F1582.4 X132.035 Y121.664 E1188.17371
G1 F1636.4 X132.154 Y121.376 E1188.18511
G1 F1730.8 X132.197 Y121.084 E1188.19532
G1 F1791 X132.199 Y98.918 E1188.93625
G1 F1698.1 X132.143 Y98.563 E1188.94892
G1 F1592.9 X131.97 Y98.243 E1188.96259
G1 F1575.5 X131.667 Y97.972 E1188.97804
G1 F1629 X131.376 Y97.846 E1188.9897
G1 F1734.9 X131.084 Y97.803 E1188.99988
G1 F1791 X88.918 Y97.801 E1190.40934
G1 F1698.1 X88.564 Y97.857 E1190.42198
G1 F1592.9 X88.242 Y98.032 E1190.43575
G1 F1572.1 X87.984 Y98.305 E1190.45005
G1 F1621.6 X87.846 Y98.624 E1190.46289
G1 F1734.9 X87.803 Y98.916 E1190.47307
G1 F1786.6 X87.803 Y110.08 E1190.84717
G1 F1760.4 X87.802 Y121.244 E1191.22684
G1 F1647.6 X87.981 Y121.694 E1191.24444
G1 F1568.6 X88.335 Y122.043 E1191.26341
M204 S2000
G0 F9000 X88.297 Y122.52
M204 S500
G1 F1545.1 X87.961 Y122.34 E1191.27818
G1 F1541.8 X87.612 Y121.98 E1191.29765
G1 F1596.5 X87.414 Y121.486 E1191.31761
G1 F1718.4 X87.401 Y121.053 E1191.3327
G1 F1791 X87.402 Y109.871 E1191.70648
G1 F1764.7 X87.403 Y98.689 E1192.08583
G1 F1690.1 X87.46 Y98.391 E1192.09658
G1 F1600 X87.646 Y97.974 E1192.11366
G1 F1568.6 X87.944 Y97.682 E1192.12959
G1 F1572.1 X88.287 Y97.487 E1192.14461
G1 F1632.7 X88.617 Y97.412 E1192.15702
G1 F1739.1 X88.882 Y97.402 E1192.16615
G1 F1777.8 X110.095 Y97.402 E1192.88052
G1 F1760.4 X131.308 Y97.403 E1193.60194
G1 F1690.1 X131.6 Y97.459 E1193.61247
G1 F1600 X132.028 Y97.649 E1193.62999
G1 F1568.6 X132.321 Y97.947 E1193.64594
G1 F1572.1 X132.513 Y98.286 E1193.66078
G1 F1636.4 X132.587 Y98.618 E1193.67322
G1 F1751.8 X132.6 Y98.954 E1193.68472
G1 F1804.5 X132.599 Y121.049 E1194.41776
G1 F1760.4 X132.581 Y121.509 E1194.43342
G1 F1640.1 X132.351 Y122.028 E1194.45414
G1 F1565.2 X132.053 Y122.32 E1194.4701
G1 F1572.1 X131.714 Y122.513 E1194.48495
G1 F1632.7 X131.382 Y122.588 E1194.49743
G1 F1739.1 X131.12 Y122.598 E1194.50646
G1 F1782.2 X116.98 Y122.598 E1194.98146
G1 F1764.7 X102.84 Y122.598 E1195.46116
G1 F1751.8 X88.7 Y122.598 E1195.9444
G1 F1647.6 X88.297 Y122.52 E1195.95931
M204 S2000
G1 F2400 E1195.15931
;MESH:NONMESH
G0 F300 X88.297 Y122.52 Z2.4
G0 F9000 X88.406 Y122.261
G0 X88.757 Y122.395
G0 X108 Y96.201
;TIME_ELAPSED:1374.300483
;LAYER:11
M204 S500
;TYPE:SUPPORT
G1 F2400 E1195.95931
G1 F1800 X108 Y95.372 E1195.98688
G1 X107.079 Y95.371 E1196.01752
G1 X106.277 Y95.596 E1196.04522
G1 X106.149 Y95.686 E1196.05043
G1 X106.089 Y95.789 E1196.05439
G1 X105.868 Y96.02 E1196.06502
G1 X105.946 Y96.201 E1196.07158
G1 X114.035 Y96.201 E1196.34062
G1 X114.118 Y96.037 E1196.34673
G1 X113.813 Y95.624 E1196.36381
G1 X112.918 Y95.372 E1196.39473
G1 X112 Y95.372 E1196.42527
G1 X112 Y96.201 E1196.45284
M204 S2000
G1 F2400 E1195.65284
G0 F9000 X112 Y94.506
G0 X113.038 Y94.508
G0 X131.62 Y96.543
G0 X132.145 Y96.702
G0 X132.663 Y97.012
G0 X132.988 Y97.337
G0 X133.298 Y97.855
G0 X133.426 Y98.278
G0 X133.457 Y121.621
G0 X133.298 Y122.145
G0 X132.988 Y122.663
G0 X132.663 Y122.988
G0 X132.145 Y123.298
G0 X131.722 Y123.426
G0 X113.032 Y125.493
G0 X112.001 Y125.494
G0 X112 Y124.63
M204 S500
G1 F2400 E1196.45284
G1 F1800 X112 Y123.799 E1196.48048
G1 X114.042 Y123.799 E1196.5484
G1 X114.12 Y123.979 E1196.55492
G1 X113.903 Y124.207 E1196.56539
G1 X113.834 Y124.317 E1196.56971
G1 X113.705 Y124.407 E1196.57494
G1 X112.912 Y124.629 E1196.60233
G1 X107.079 Y124.63 E1196.79634
G1 X106.28 Y124.405 E1196.82394
G1 X106.168 Y124.338 E1196.82829
G1 X105.866 Y123.972 E1196.84407
G1 X105.947 Y123.799 E1196.85042
G1 X108 Y123.799 E1196.9187
G1 X108 Y124.63 E1196.94634
M204 S2000
G1 F2400 E1196.14634
;MESH:ParametricSnapInCP2102-CaseTop.stl
G0 F9000 X131.256 Y122.38
G0 X131.532 Y122.106
M204 S500
;TYPE:WALL-OUTER
G1 F2400 E1196.94634
G1 F1636.4 X131.902 Y121.847 E1196.96287
G1 F1603.6 X132.143 Y121.445 E1196.98037
G1 F1706.2 X132.196 Y121.086 E1196.9931
G1 F1786.6 X132.197 Y98.905 E1197.73638
G1 F1730.8 X132.111 Y98.489 E1197.75107
G1 F1636.4 X131.898 Y98.15 E1197.76572
G1 F1592.9 X131.561 Y97.915 E1197.78116
G1 F1682.2 X131.207 Y97.807 E1197.79433
G1 F1777.8 X88.92 Y97.801 E1199.21838
G1 F1743.3 X88.487 Y97.886 E1199.23354
G1 F1666.7 X88.093 Y98.15 E1199.25057
G1 X87.856 Y98.573 E1199.26799
G1 F1747.6 X87.803 Y98.914 E1199.27981
G1 F1786.6 X87.801 Y121.087 E1200.02282
G1 F1686.2 X87.897 Y121.534 E1200.03905
G1 F1585.9 X88.033 Y121.757 E1200.04891
G1 F1589.4 X88.341 Y122.044 E1200.06477
G1 F1643.8 X88.676 Y122.167 E1200.07777
G1 F1743.3 X88.928 Y122.197 E1200.08648
G1 F1800 X110.006 Y122.198 E1200.78754
G1 F1791 X131.084 Y122.199 E1201.4921
G1 F1734.9 X131.532 Y122.106 E1201.50789
M204 S2000
G1 F2400 E1200.70789
G0 F9000 X131.68 Y122.274
G0 X131.256 Y122.38
G0 X130.969 Y121.335
G0 X89.003 Y121.335
G0 X88.573 Y122.579
M204 S500
G1 F2400 E1201.50789
G1 F1643.8 X88.319 Y122.516 E1201.51742
G1 F1572.1 X88.009 Y122.377 E1201.53036
G1 F1555.1 X87.681 Y122.054 E1201.54808
G1 F1585.9 X87.482 Y121.713 E1201.56299
G1 F1632.7 X87.416 Y121.378 E1201.57551
G1 F1722.5 X87.402 Y121.121 E1201.58445
G1 F1773.4 X87.402 Y109.911 E1201.96289
G1 F1751.8 X87.403 Y98.701 E1202.34599
G1 F1686.2 X87.46 Y98.388 E1202.35729
G1 F1618 X87.657 Y97.954 E1202.37492
G1 F1572.1 X87.946 Y97.686 E1202.38993
G1 F1568.6 X88.215 Y97.525 E1202.4019
G1 F1618 X88.454 Y97.445 E1202.41122
G1 F1710.2 X88.886 Y97.402 E1202.42642
G1 F1795.5 X110.014 Y97.403 E1203.1309
G1 F1809 X131.142 Y97.405 E1203.8301
G1 F1730.8 X131.488 Y97.426 E1203.84209
G1 F1629 X131.779 Y97.521 E1203.85335
G1 F1575.5 X132.107 Y97.727 E1203.86806
G1 F1558.4 X132.275 Y97.891 E1203.87708
G1 F1585.9 X132.479 Y98.221 E1203.89173
G1 F1659 X132.58 Y98.532 E1203.90353
G1 F1760.4 X132.6 Y98.955 E1203.91793
G1 F1809 X132.594 Y121.116 E1204.65132
G1 F1730.8 X132.576 Y121.489 E1204.66424
G1 F1618 X132.476 Y121.777 E1204.67552
G1 F1575.5 X132.275 Y122.11 E1204.6903
G1 F1561.8 X132.107 Y122.273 E1204.69927
G1 F1575.5 X131.779 Y122.479 E1204.71399
G1 F1618 X131.546 Y122.555 E1204.72306
G1 F1670.5 X131.226 Y122.598 E1204.73463
G1 F1718.4 X122.761 Y122.598 E1205.02955
G1 F1734.9 X114.296 Y122.597 E1205.32166
G1 F1756.1 X105.831 Y122.596 E1205.61024
G1 F1777.8 X97.366 Y122.595 E1205.89531
G1 F1795.5 X88.901 Y122.595 E1206.17756
G1 F1743.3 X88.573 Y122.579 E1206.18884
M204 S2000
G1 F2400 E1205.38884
;MESH:NONMESH
G0 F300 X88.573 Y122.579 Z2.6
G0 F9000 X88.564 Y122.376
G0 X88.865 Y122.392
G0 X108 Y96.201
;TIME_ELAPSED:1388.424808
;LAYER:12
M204 S500
;TYPE:SUPPORT
G1 F2400 E1206.18884
G1 F1800 X108 Y95.372 E1206.21641
G1 X107.082 Y95.371 E1206.24694
G1 X106.278 Y95.596 E1206.27471
G1 X106.149 Y95.686 E1206.27994
G1 X106.089 Y95.789 E1206.28391
G1 X105.868 Y96.02 E1206.29454
G1 X105.946 Y96.201 E1206.3011
G1 X114.035 Y96.201 E1206.57014
G1 X114.118 Y96.037 E1206.57625
G1 X113.813 Y95.625 E1206.5933
G1 X112.918 Y95.372 E1206.62423
G1 X112 Y95.372 E1206.65477
G1 X112 Y96.201 E1206.68234
M204 S2000
G1 F2400 E1205.88234
G0 F9000 X112 Y94.506
G0 X113.038 Y94.508
G0 X131.842 Y96.6
G0 X132.539 Y96.888
G0 X132.982 Y97.332
G0 X133.256 Y97.767
G0 X133.464 Y98.536
G0 X133.462 Y121.422
G0 X133.4 Y121.842
G0 X133.112 Y122.539
G0 X132.668 Y122.982
G0 X132.233 Y123.256
G0 X131.464 Y123.464
G0 X113.032 Y125.493
G0 X112.001 Y125.494
G0 X112 Y124.63
M204 S500
G1 F2400 E1206.68234
G1 F1800 X112 Y123.799 E1206.70998
G1 X114.042 Y123.799 E1206.7779
G1 X114.12 Y123.979 E1206.78442
G1 X113.903 Y124.207 E1206.79489
G1 X113.834 Y124.317 E1206.79921
G1 X113.705 Y124.407 E1206.80444
G1 X112.912 Y124.629 E1206.83183
G1 X107.079 Y124.63 E1207.02584
G1 X106.28 Y124.405 E1207.05344
G1 X106.168 Y124.338 E1207.05779
G1 X105.866 Y123.972 E1207.07357
G1 X105.947 Y123.799 E1207.07992
G1 X108 Y123.799 E1207.1482
G1 X108 Y124.63 E1207.17584
M204 S2000
G1 F2400 E1206.37584
;MESH:ParametricSnapInCP2102-CaseTop.stl
G0 F9000 X131.287 Y122.38
G0 X131.488 Y122.126
M204 S500
;TYPE:WALL-OUTER
G1 F2400 E1207.17584
G1 F1589.4 X131.835 Y121.905 E1207.19134
G1 F1610.7 X132.091 Y121.547 E1207.2077
G1 F1682.2 X132.198 Y121.211 E1207.22025
G1 F1734.9 X132.198 Y110.066 E1207.60483
G1 F1769 X132.198 Y98.921 E1207.982
G1 F1690.1 X132.126 Y98.513 E1207.99668
G1 F1610.7 X131.876 Y98.119 E1208.01402
G1 F1636.4 X131.512 Y97.893 E1208.0297
G1 F1706.2 X131.207 Y97.806 E1208.04083
G1 F1764.7 X110.066 Y97.804 E1208.75804
G1 F1782.2 X88.925 Y97.801 E1209.46823
G1 F1702.1 X88.546 Y97.862 E1209.48173
G1 F1603.6 X88.151 Y98.094 E1209.49883
G1 F1585.9 X87.899 Y98.464 E1209.51573
G1 F1666.7 X87.806 Y98.793 E1209.52801
G1 F1769 X87.801 Y121.089 E1210.28256
G1 F1734.9 X87.853 Y121.399 E1210.2934
G1 F1640.1 X87.949 Y121.632 E1210.3026
G1 F1618 X88.222 Y121.956 E1210.31828
G1 F1670.5 X88.577 Y122.146 E1210.33271
G1 F1747.6 X88.917 Y122.197 E1210.34449
G1 F1786.6 X131.082 Y122.199 E1211.75742
G1 F1690.1 X131.488 Y122.126 E1211.77203
M204 S2000
G0 F9000 X131.382 Y122.586
M204 S500
G1 F1739.1 X131.047 Y122.599 E1211.78357
G1 F1791 X116.93 Y122.599 E1212.25545
G1 F1773.4 X102.813 Y122.598 E1212.73203
G1 F1756.1 X88.696 Y122.597 E1213.2133
G1 F1690.1 X88.388 Y122.539 E1213.2244
G1 F1589.4 X88.092 Y122.418 E1213.23645
G1 F1538.5 X87.735 Y122.135 E1213.25418
G1 F1565.2 X87.547 Y121.839 E1213.26759
G1 F1614.3 X87.462 Y121.613 E1213.27654
G1 F1678.3 X87.409 Y121.283 E1213.28846
G1 F1718.4 X87.402 Y98.695 E1214.07543
G1 F1674.4 X87.461 Y98.386 E1214.08668
G1 F1596.5 X87.653 Y97.966 E1214.104
G1 F1561.8 X87.946 Y97.681 E1214.11966
G1 F1572.1 X88.286 Y97.486 E1214.13459
G1 F1629 X88.618 Y97.414 E1214.14708
G1 F1734.9 X88.882 Y97.402 E1214.1562
G1 F1777.8 X110.092 Y97.402 E1214.87046
G1 F1760.4 X131.302 Y97.402 E1215.59178
G1 F1694.1 X131.599 Y97.458 E1215.60246
G1 F1582.4 X132.03 Y97.653 E1215.62036
G1 F1545.1 X132.279 Y97.894 E1215.63379
G1 F1565.2 X132.447 Y98.16 E1215.64582
G1 F1621.6 X132.586 Y98.618 E1215.66349
G1 F1743.3 X132.6 Y98.96 E1215.67525
G1 F1800 X132.598 Y121.211 E1216.41532
G1 F1718.4 X132.542 Y121.599 E1216.42897
G1 F1582.4 X132.347 Y122.03 E1216.44687
G1 F1545.1 X132.106 Y122.279 E1216.4603
G1 F1565.2 X131.84 Y122.447 E1216.47233
G1 F1621.6 X131.382 Y122.586 E1216.49
M204 S2000
G1 F2400 E1215.69
;MESH:NONMESH
G0 F300 X131.382 Y122.586 Z2.8
G0 F9000 X131.381 Y122.392
G0 X108 Y96.202
;TIME_ELAPSED:1401.821818
;LAYER:13
M204 S500
;TYPE:SUPPORT
G1 F2400 E1216.49
G1 F1800 X108 Y95.77 E1216.50437
G1 X107.14 Y95.771 E1216.53298
G1 X106.526 Y95.943 E1216.55418
G1 X106.561 Y96.202 E1216.56288
G1 X113.448 Y96.203 E1216.79194
G1 X113.483 Y95.944 E1216.80063
G1 X112.867 Y95.77 E1216.82192
G1 X112 Y95.77 E1216.85076
G1 X112 Y96.202 E1216.86513
M204 S2000
G1 F2400 E1216.06513
G0 F9000 X111.999 Y94.906
G0 X112.984 Y94.906
G0 X131.507 Y96.541
G0 X132.036 Y96.661
G0 X132.563 Y96.912
G0 X132.987 Y97.337
G0 X133.365 Y97.967
G0 X133.464 Y98.536
G0 X133.459 Y121.507
G0 X133.339 Y122.036
G0 X133.088 Y122.563
G0 X132.663 Y122.987
G0 X132.033 Y123.365
G0 X131.464 Y123.464
G0 X112.974 Y125.093
G0 X112.001 Y125.094
G0 X112 Y124.23
M204 S500
G1 F2400 E1216.86513
G1 F1800 X112 Y123.8 E1216.87943
G1 X113.427 Y123.8 E1216.92689
G1 X113.462 Y124.059 E1216.93558
G1 X112.854 Y124.229 E1216.95658
G1 X107.139 Y124.23 E1217.14666
G1 X106.529 Y124.058 E1217.16774
G1 X106.564 Y123.8 E1217.1764
G1 X108 Y123.8 E1217.22416
G1 X108 Y124.23 E1217.23847
M204 S2000
G1 F2400 E1216.43847
;MESH:ParametricSnapInCP2102-CaseTop.stl
G0 F9000 X131.249 Y122.38
G0 X131.552 Y122.095
M204 S500
;TYPE:WALL-OUTER
G1 F2400 E1217.23847
G1 F1585.9 X131.918 Y121.838 E1217.25535
G1 F1592.9 X132.135 Y121.453 E1217.27196
G1 F1698.1 X132.196 Y121.086 E1217.28507
G1 F1782.2 X132.197 Y98.907 E1218.03013
G1 F1682.2 X132.095 Y98.449 E1218.04683
G1 F1592.9 X131.839 Y98.063 E1218.06423
G1 F1610.7 X131.398 Y97.845 E1218.08252
G1 F1710.2 X131.085 Y97.803 E1218.09357
G1 F1791 X109.996 Y97.803 E1218.7985
G1 F1782.2 X88.907 Y97.803 E1219.50694
G1 F1682.2 X88.449 Y97.905 E1219.52364
G1 F1572.1 X88.229 Y98.055 E1219.53378
G1 F1541.8 X88.046 Y98.226 E1219.54351
G1 F1610.7 X87.872 Y98.519 E1219.55617
G1 F1739.1 X87.804 Y98.907 E1219.56973
G1 F1773.4 X87.801 Y121.231 E1220.32337
G1 F1714.3 X87.952 Y121.644 E1220.33873
G1 F1607.1 X88.254 Y121.979 E1220.35553
G1 F1596.5 X88.538 Y122.129 E1220.36757
G1 F1714.3 X88.961 Y122.198 E1220.38254
G1 F1786.6 X131.083 Y122.199 E1221.79403
G1 F1686.2 X131.552 Y122.095 E1221.81109
M204 S2000
G1 F2400 E1221.01109
G0 F9000 X131.615 Y122.307
G0 X131.249 Y122.38
G0 X130.962 Y121.335
G0 X89.06 Y121.336
G0 X88.468 Y122.577
M204 S500
G1 F2400 E1221.81109
G1 F1629 X87.964 Y122.346 E1221.83146
G1 F1545.1 X87.718 Y122.094 E1221.84511
G1 F1568.6 X87.523 Y121.785 E1221.85905
G1 F1666.7 X87.402 Y121.391 E1221.87386
G1 F1751.8 X87.402 Y110.171 E1222.2573
G1 F1786.6 X87.402 Y98.951 E1222.63328
G1 F1743.3 X87.418 Y98.621 E1222.64462
G1 F1647.6 X87.468 Y98.334 E1222.65521
G1 F1575.5 X87.656 Y97.962 E1222.67105
G1 F1541.8 X87.948 Y97.683 E1222.68673
G1 F1572.1 X88.285 Y97.483 E1222.70165
G1 F1629 X88.618 Y97.418 E1222.71412
G1 F1726.6 X88.96 Y97.401 E1222.726
G1 F1800 X131.12 Y97.405 E1224.12824
G1 F1747.6 X131.41 Y97.418 E1224.13819
G1 F1640.1 X131.741 Y97.508 E1224.15071
G1 F1578.9 X132.039 Y97.651 E1224.16324
G1 F1572.1 X132.276 Y97.891 E1224.17609
G1 F1585.9 X132.516 Y98.281 E1224.19338
G1 F1629 X132.582 Y98.616 E1224.20592
G1 F1726.6 X132.6 Y98.96 E1224.21787
G1 F1804.5 X132.596 Y121.116 E1224.95294
G1 F1743.3 X132.582 Y121.41 E1224.96304
G1 F1636.4 X132.492 Y121.741 E1224.97559
G1 F1565.2 X132.345 Y122.036 E1224.9882
G1 F1545.1 X132.108 Y122.274 E1225.00122
G1 F1575.5 X131.719 Y122.516 E1225.01862
G1 F1629 X131.384 Y122.583 E1225.03118
G1 F1718.4 X131.117 Y122.599 E1225.0405
G1 F1791 X89 Y122.6 E1226.44832
G1 F1760.4 X88.468 Y122.577 E1226.46643
M204 S2000
G1 F2400 E1225.66643
;MESH:NONMESH
G0 F300 X88.468 Y122.577 Z3
G0 F9000 X88.507 Y122.362
G0 X88.942 Y122.399
G0 X108 Y96.202
;TIME_ELAPSED:1415.718118
;LAYER:14
M204 S500
;TYPE:SUPPORT
G1 F2400 E1226.46643
G1 F1800 X108 Y95.77 E1226.4808
G1 X107.14 Y95.771 E1226.5094
G1 X106.526 Y95.943 E1226.53061
G1 X106.561 Y96.202 E1226.5393
G1 X113.448 Y96.203 E1226.76837
G1 X113.483 Y95.944 E1226.77706
G1 X112.867 Y95.77 E1226.79835
G1 X112 Y95.77 E1226.82718
G1 X112 Y96.202 E1226.84155
M204 S2000
G1 F2400 E1226.04155
G0 F9000 X111.999 Y94.906
G0 X112.984 Y94.906
G0 X131.627 Y96.543
G0 X132.146 Y96.703
G0 X132.663 Y97.012
G0 X132.988 Y97.337
G0 X133.298 Y97.855
G0 X133.426 Y98.278
G0 X133.457 Y121.628
G0 X133.297 Y122.146
G0 X132.988 Y122.663
G0 X132.663 Y122.988
G0 X132.145 Y123.298
G0 X131.594 Y123.464
G0 X112.974 Y125.093
G0 X112.001 Y125.094
G0 X112 Y124.23
M204 S500
G1 F2400 E1226.84155
G1 F1800 X112 Y123.8 E1226.85585
G1 X113.427 Y123.8 E1226.90332
G1 X113.462 Y124.059 E1226.91201
G1 X112.854 Y124.229 E1226.93301
G1 X107.139 Y124.23 E1227.12309
G1 X106.529 Y124.058 E1227.14417
G1 X106.564 Y123.8 E1227.15283
G1 X108 Y123.8 E1227.20059
G1 X108 Y124.23 E1227.21489
M204 S2000
G1 F2400 E1226.41489
;MESH:ParametricSnapInCP2102-CaseTop.stl
G0 F9000 X108.001 Y125.094
G0 X107.446 Y125.094
G0 X88.679 Y123.465
G0 X88.529 Y122.581
M204 S500
;TYPE:WALL-OUTER
G1 F2400 E1227.21489
G1 F1621.6 X88.22 Y122.479 E1227.22691
G1 F1575.5 X87.893 Y122.274 E1227.24157
G1 F1555.1 X87.683 Y122.057 E1227.2532
G1 F1575.5 X87.525 Y121.782 E1227.26525
G1 F1621.6 X87.424 Y121.483 E1227.2769
G1 F1722.5 X87.405 Y121.204 E1227.28662
G1 F1804.5 X87.402 Y98.948 E1228.02501
G1 F1756.1 X87.413 Y98.627 E1228.03596
G1 F1659 X87.466 Y98.381 E1228.04504
G1 F1589.4 X87.645 Y97.97 E1228.06192
G1 F1561.8 X87.947 Y97.682 E1228.07792
G1 F1575.5 X88.217 Y97.524 E1228.08981
G1 F1629 X88.453 Y97.442 E1228.09899
G1 F1714.3 X88.758 Y97.402 E1228.10973
G1 F1777.8 X102.856 Y97.403 E1228.5845
G1 F1791 X116.954 Y97.404 E1229.05574
G1 F1809 X131.052 Y97.405 E1229.5223
G1 F1730.8 X131.493 Y97.425 E1229.53757
G1 F1625.3 X131.78 Y97.522 E1229.54873
G1 F1575.5 X132.11 Y97.728 E1229.56351
G1 F1548.4 X132.271 Y97.89 E1229.57234
G1 F1572.1 X132.478 Y98.221 E1229.58721
G1 F1625.3 X132.558 Y98.453 E1229.59625
G1 F1710.2 X132.599 Y98.766 E1229.6073
G1 F1777.8 X132.597 Y109.941 E1229.98363
G1 F1800 X132.594 Y121.116 E1230.35531
G1 F1730.8 X132.576 Y121.493 E1230.36836
G1 F1632.7 X132.479 Y121.781 E1230.37951
G1 F1572.1 X132.271 Y122.109 E1230.3943
G1 F1545.1 X132.11 Y122.272 E1230.40318
G1 F1575.5 X131.778 Y122.478 E1230.41802
G1 F1625.3 X131.463 Y122.581 E1230.43023
G1 F1710.2 X131.18 Y122.597 E1230.44015
G1 F1777.8 X110.018 Y122.598 E1231.1528
G1 F1791 X88.856 Y122.599 E1231.86017
G1 F1718.4 X88.529 Y122.581 E1231.87158
M204 S2000
G0 F9000 X88.794 Y122.192
M204 S500
G1 F1760.4 X109.958 Y122.194 E1232.59134
G1 F1773.4 X131.122 Y122.197 E1233.30582
G1 F1718.4 X131.435 Y122.138 E1233.31691
G1 F1614.3 X131.767 Y121.957 E1233.33094
G1 F1589.4 X132.031 Y121.662 E1233.34585
G1 F1632.7 X132.15 Y121.4 E1233.3564
G1 F1722.5 X132.196 Y121.086 E1233.36743
G1 F1786.6 X132.195 Y98.868 E1234.11194
G1 F1714.3 X132.138 Y98.563 E1234.12278
G1 F1632.7 X132.017 Y98.319 E1234.13277
G1 F1607.1 X131.744 Y98.023 E1234.14777
G1 F1659 X131.449 Y97.862 E1234.1599
G1 F1760.4 X131.094 Y97.805 E1234.17212
G1 F1786.6 X88.879 Y97.803 E1235.58673
G1 F1710.2 X88.531 Y97.873 E1235.59916
G1 F1614.3 X88.291 Y97.999 E1235.60921
G1 F1582.4 X88.018 Y98.253 E1235.62332
G1 F1610.7 X87.831 Y98.654 E1235.63976
G1 F1718.4 X87.802 Y98.919 E1235.64905
G1 F1800 X87.802 Y121.17 E1236.38912
G1 F1718.4 X87.883 Y121.493 E1236.40072
G1 F1629 X88.096 Y121.847 E1236.41591
G1 F1607.1 X88.437 Y122.086 E1236.43142
G1 F1674.4 X88.794 Y122.192 E1236.44473
M204 S2000
G1 F2400 E1235.64473
;MESH:NONMESH
G0 F300 X88.794 Y122.192 Z3.2
G0 F9000 X88.315 Y122.273
G0 X88.67 Y122.39
G0 X131.137 Y122.436
G0 X131.67 Y122.278
G0 X114.434 Y122.233
;TIME_ELAPSED:1429.255450
;LAYER:15
M204 S500
;TYPE:WALL-OUTER
;MESH:ParametricSnapInCP2102-CaseTop.stl
G1 F2400 E1236.44473
G1 F1541.3 X114.931 Y122.199 E1236.46288
G1 F1671 X131.082 Y122.199 E1237.00543
G1 F1588.5 X131.446 Y122.142 E1237.01845
G1 F1496.9 X131.842 Y121.91 E1237.03566
G1 F1493.6 X132.085 Y121.563 E1237.05159
G1 F1588.5 X132.198 Y121.177 E1237.0658
G1 F1666.9 X132.2 Y98.768 E1237.82044
G1 F1573.6 X132.02 Y98.32 E1237.83767
G1 F1487 X131.815 Y98.077 E1237.84967
G1 F1506.9 X131.471 Y97.865 E1237.86472
G1 F1603.5 X131.096 Y97.803 E1237.87802
G1 F1683.5 X115 Y97.8 E1238.41472
G1 F1555.5 X114.435 Y97.765 E1238.43515
G1 F1439.4 X105.565 Y97.765 E1238.78105
G1 F1544.8 X105.069 Y97.799 E1238.79912
G1 F1650.6 X96.905 Y97.8 E1239.07677
G1 F1607.4 X88.741 Y97.801 E1239.36188
G1 F1541.3 X88.321 Y97.979 E1239.37849
G1 F1487 X88.077 Y98.185 E1239.39055
G1 F1534.3 X87.851 Y98.585 E1239.40735
G1 F1638.6 X87.803 Y98.913 E1239.41871
G1 F1671 X87.806 Y121.146 E1240.16558
G1 F1596 X87.883 Y121.495 E1240.17815
G1 F1520.5 X88.151 Y121.903 E1240.19617
G1 X88.514 Y122.118 E1240.21175
G1 F1596 X88.867 Y122.195 E1240.22445
G1 F1671 X105 Y122.198 E1240.76641
G1 F1548.4 X105.569 Y122.234 E1240.78708
G1 F1433.3 X114.434 Y122.233 E1241.13426
M204 S2000
G1 F2400 E1240.33426
G0 F9000 X114.433 Y122.497
G0 X105.407 Y122.447
G0 X105.055 Y122.603
M204 S500
G1 F2400 E1241.13426
G1 F1654.6 X88.822 Y122.597 E1241.68497
G1 F1607.4 X88.553 Y122.583 E1241.69438
G1 F1520.5 X88.206 Y122.47 E1241.70785
G1 F1477.2 X87.932 Y122.307 E1241.71997
G1 F1454.9 X87.685 Y122.051 E1241.73369
G1 F1464.4 X87.525 Y121.783 E1241.74566
G1 F1548.4 X87.405 Y121.424 E1241.75938
G1 F1630.7 X87.404 Y113.933 E1242.01725
G1 F1654.6 X87.403 Y106.442 E1242.27139
G1 F1679.3 X87.402 Y98.951 E1242.52178
G1 F1642.6 X87.416 Y98.623 E1242.533
G1 F1544.8 X87.489 Y98.262 E1242.54639
G1 F1483.7 X87.719 Y97.896 E1242.56274
G1 F1467.6 X87.943 Y97.683 E1242.57456
G1 F1477.2 X88.218 Y97.525 E1242.58662
G1 F1544.8 X88.588 Y97.401 E1242.6008
G1 F1622.8 X96.812 Y97.401 E1242.88527
G1 F1654.6 X105.036 Y97.4 E1243.16427
G1 F1544.8 X105.533 Y97.295 E1243.18273
G1 F1439.4 X114.467 Y97.295 E1243.53113
G1 F1541.3 X114.945 Y97.397 E1243.54893
G1 F1662.8 X131.139 Y97.404 E1244.09563
G1 F1611.2 X131.447 Y97.42 E1244.10637
G1 F1523.9 X131.781 Y97.524 E1244.11926
G1 F1480.5 X132.109 Y97.723 E1244.1338
G1 F1467.6 X132.317 Y97.944 E1244.14541
G1 F1474 X132.474 Y98.217 E1244.1574
G1 F1513.7 X132.581 Y98.537 E1244.16992
G1 F1615.1 X132.6 Y98.831 E1244.18016
G1 F1675.2 X132.599 Y110.112 E1244.55818
G1 F1642.6 X132.598 Y121.393 E1244.94371
G1 F1559.1 X132.477 Y121.782 E1244.95837
G1 F1477.2 X132.274 Y122.107 E1244.97293
G1 F1458.1 X132.057 Y122.318 E1244.98459
G1 F1470.8 X131.783 Y122.473 E1244.9966
G1 F1513.7 X131.463 Y122.583 E1245.00915
G1 F1611.2 X131.126 Y122.598 E1245.0209
G1 F1671 X114.965 Y122.6 E1245.56379
G1 F1541.3 X114.466 Y122.705 E1245.58237
G1 F1433.3 X105.537 Y122.705 E1245.93206
G1 F1534.3 X105.055 Y122.603 E1245.95008
M204 S2000
G1 F2400 E1245.15008
;MESH:NONMESH
G0 F300 X105.055 Y122.603 Z3.4
G0 F9000 X105.407 Y122.447
G0 X106.585 Y122.417
G0 X106.585 Y121.332
G0 X106.587 Y98.666
G0 X106.588 Y97.39
;TIME_ELAPSED:1440.566085
;LAYER:16
M204 S500
;TYPE:WALL-INNER
;MESH:ParametricSnapInCP2102-CaseTop.stl
G1 F2400 E1245.95008
G1 F1710.2 X113.412 Y97.39 E1246.18897
M204 S2000
G1 F2400 E1245.38897
G0 F9000 X113.414 Y98.666
G0 X113.413 Y121.335
G0 X113.412 Y122.61
M204 S500
G1 F2400 E1246.18897
G1 F1706.2 X106.589 Y122.611 E1246.42838
M204 S2000
G0 F9000 X106.533 Y123.022
M204 S500
;TYPE:WALL-OUTER
G1 F1800 X113.468 Y123.021 E1246.65904
G1 F1795.5 X114.965 Y122.601 E1246.71088
G1 F1786.6 X131.211 Y122.599 E1247.25528
G1 F1714.3 X131.463 Y122.581 E1247.2641
G1 F1625.3 X131.783 Y122.476 E1247.27651
G1 F1572.1 X132.052 Y122.316 E1247.28843
G1 F1568.6 X132.343 Y122.045 E1247.30361
G1 F1655.2 X132.581 Y121.505 E1247.32495
G1 F1760.4 X132.599 Y121.05 E1247.34044
G1 F1804.5 X132.6 Y98.862 E1248.07657
G1 F1726.6 X132.581 Y98.537 E1248.08786
G1 F1625.3 X132.476 Y98.217 E1248.10026
G1 F1568.6 X132.316 Y97.948 E1248.11221
G1 X132.045 Y97.657 E1248.12738
G1 F1614.3 X131.599 Y97.46 E1248.14547
G1 F1682.2 X131.31 Y97.403 E1248.15595
G1 F1751.8 X114.945 Y97.397 E1248.71522
G1 F1782.2 X113.468 Y96.98 E1248.76677
G1 F1800 X106.532 Y96.979 E1248.99747
G1 F1791 X105.035 Y97.4 E1249.04945
G1 F1786.6 X88.793 Y97.401 E1249.59371
G1 F1714.3 X88.537 Y97.418 E1249.60267
G1 F1621.6 X88.216 Y97.525 E1249.61516
G1 F1568.6 X87.945 Y97.686 E1249.62719
G1 F1555.1 X87.721 Y97.894 E1249.63896
G1 F1596.5 X87.492 Y98.26 E1249.65515
G1 F1662.8 X87.415 Y98.624 E1249.66855
G1 F1751.8 X87.402 Y98.95 E1249.6797
G1 F1795.5 X87.402 Y121.179 E1250.42088
G1 F1722.5 X87.417 Y121.463 E1250.43077
G1 F1614.3 X87.527 Y121.782 E1250.44328
G1 F1568.6 X87.681 Y122.052 E1250.45515
G1 F1558.4 X87.934 Y122.309 E1250.469
G1 F1575.5 X88.212 Y122.475 E1250.4813
G1 F1629 X88.519 Y122.58 E1250.49323
G1 F1726.6 X88.94 Y122.597 E1250.50784
G1 F1782.2 X105.055 Y122.603 E1251.04919
G1 X106.533 Y123.022 E1251.10079
M204 S2000
G1 F2400 E1250.30079
G0 F9000 X106.57 Y122.723
G0 X114.815 Y122.404
G0 X118.954 Y122.398
G0 X131.211 Y122.438
G0 X132.063 Y122.055
G0 X131.909 Y121.846
M204 S500
G1 F2400 E1251.10079
G1 F1592.9 X131.562 Y122.086 E1251.11665
G1 F1686.2 X131.177 Y122.199 E1251.1309
G1 F1791 X88.972 Y122.198 E1252.54166
G1 F1726.6 X88.615 Y122.155 E1252.55413
G1 F1629 X88.343 Y122.035 E1252.56505
G1 F1578.9 X88.064 Y121.792 E1252.57908
G1 F1603.6 X87.862 Y121.436 E1252.59436
G1 F1714.3 X87.801 Y121.145 E1252.60475
G1 F1791 X87.803 Y98.913 E1253.34788
G1 F1751.8 X87.85 Y98.591 E1253.359
G1 F1647.6 X88.098 Y98.15 E1253.37739
G1 F1589.4 X88.437 Y97.915 E1253.39293
G1 F1686.2 X88.827 Y97.801 E1253.40735
G1 F1791 X131.084 Y97.802 E1254.81985
G1 F1710.2 X131.39 Y97.845 E1254.83067
G1 F1607.1 X131.846 Y98.091 E1254.84997
G1 F1589.4 X132.086 Y98.438 E1254.86586
G1 F1674.4 X132.195 Y98.797 E1254.87928
G1 F1773.4 X132.198 Y121.084 E1255.63166
G1 F1710.2 X132.155 Y121.39 E1255.64248
G1 F1610.7 X131.909 Y121.846 E1255.66174
M204 S2000
G1 F2400 E1254.86174
;MESH:NONMESH
G0 F300 X131.909 Y121.846 Z3.6
G0 F9000 X132.063 Y122.055
G0 X131.633 Y122.299
G0 X131.211 Y122.438
G0 X111.859 Y122.408
G0 X107.345 Y122.4
G0 X107.344 Y121.335
G0 X107.347 Y98.666
G0 X107.345 Y97.286
;TIME_ELAPSED:1452.679167
;LAYER:17
M204 S500
;TYPE:WALL-INNER
;MESH:ParametricSnapInCP2102-CaseTop.stl
G1 F2400 E1255.66174
G1 F1142.9 X112.653 Y97.285 E1255.9398
M204 S2000
G1 F2400 E1255.1398
G0 F9000 X112.651 Y97.581
G0 X112.651 Y98.666
G0 X112.65 Y121.335
G0 X112.649 Y122.714
M204 S500
G1 F2400 E1255.9398
G1 F1144.7 X107.347 Y122.715 E1256.2171
M204 S2000
G0 F9000 X107.277 Y123.23
M204 S500
;TYPE:WALL-OUTER
G1 F1800 X112.719 Y123.228 E1256.3981
G1 F1795.5 X114.965 Y122.601 E1256.47585
G1 F1786.6 X131.126 Y122.598 E1257.0174
G1 F1718.4 X131.463 Y122.582 E1257.02916
G1 F1618 X131.782 Y122.473 E1257.04163
G1 F1568.6 X132.054 Y122.319 E1257.05356
G1 F1558.4 X132.345 Y122.036 E1257.06915
G1 F1596.5 X132.541 Y121.602 E1257.08701
G1 F1690.1 X132.596 Y121.335 E1257.09667
G1 F1760.4 X132.598 Y110.152 E1257.47699
G1 F1791 X132.6 Y98.969 E1257.85079
G1 F1714.3 X132.579 Y98.537 E1257.8659
G1 F1614.3 X132.476 Y98.217 E1257.87836
G1 F1578.9 X132.319 Y97.946 E1257.89024
G1 F1558.4 X132.034 Y97.654 E1257.90591
G1 F1632.7 X131.528 Y97.426 E1257.92627
G1 F1760.4 X131.142 Y97.403 E1257.93942
G1 F1786.6 X114.945 Y97.397 E1258.48217
G1 F1782.2 X112.723 Y96.771 E1258.55972
G1 F1800 X107.275 Y96.771 E1258.74092
G1 F1791 X105.035 Y97.4 E1258.81869
G1 F1786.6 X88.901 Y97.401 E1259.35934
G1 F1706.2 X88.537 Y97.421 E1259.37213
G1 F1618 X88.216 Y97.524 E1259.3846
G1 F1582.4 X87.943 Y97.683 E1259.39655
G1 F1551.7 X87.726 Y97.893 E1259.40821
G1 F1568.6 X87.519 Y98.223 E1259.42307
G1 F1629 X87.42 Y98.536 E1259.43514
G1 F1726.6 X87.402 Y98.858 E1259.44632
G1 F1804.5 X87.403 Y121.066 E1260.18312
G1 F1718.4 X87.424 Y121.48 E1260.19756
G1 F1596.5 X87.561 Y121.881 E1260.21345
G1 F1572.1 X87.852 Y122.27 E1260.23195
G1 F1592.9 X88.217 Y122.476 E1260.2477
G1 F1621.6 X88.53 Y122.58 E1260.25988
G1 F1726.6 X88.999 Y122.599 E1260.27615
G1 F1786.6 X105.055 Y122.603 E1260.81418
G1 F1782.2 X107.277 Y123.23 E1260.89174
M204 S2000
G1 F2400 E1260.09174
G0 F9000 X107.313 Y122.931
G0 X105.2 Y122.42
G0 X104.908 Y123.464
G0 X88.934 Y123.464
G0 X88.155 Y121.925
M204 S500
G1 F2400 E1260.89174
G1 F1647.6 X87.877 Y121.516 E1260.90971
G1 F1718.4 X87.803 Y121.101 E1260.9244
G1 F1773.4 X87.806 Y98.793 E1261.67749
G1 F1674.4 X87.911 Y98.443 E1261.69056
G1 F1592.9 X88.147 Y98.109 E1261.70593
G1 F1640.1 X88.49 Y97.88 E1261.72098
G1 F1739.1 X88.935 Y97.801 E1261.73654
G1 F1777.8 X114.89 Y97.796 E1262.6106
G1 F1764.7 X131.207 Y97.807 E1263.16416
G1 F1734.9 X131.521 Y97.892 E1263.17539
G1 F1643.8 X131.912 Y98.168 E1263.19282
G1 F1636.4 X132.12 Y98.492 E1263.2069
G1 F1734.9 X132.197 Y98.923 E1263.22201
G1 F1791 X132.198 Y121.177 E1263.96588
G1 F1760.4 X132.108 Y121.522 E1263.97801
G1 F1682.2 X131.849 Y121.906 E1263.99449
G1 F1632.7 X131.423 Y122.146 E1264.01242
G1 F1698.1 X131.082 Y122.199 E1264.02459
G1 F1786.6 X88.961 Y122.198 E1265.43605
G1 F1747.6 X88.563 Y122.143 E1265.44981
G1 F1678.3 X88.155 Y121.925 E1265.46631
M204 S2000
G1 F2400 E1264.66631
;MESH:NONMESH
G0 F300 X88.155 Y121.925 Z3.8
G0 F9000 X88.023 Y122.162
G0 X88.934 Y122.397
G0 X89.061 Y121.336
G0 X89.007 Y98.674
G0 X113.676 Y97.426
;TIME_ELAPSED:1465.043155
;LAYER:18
M204 S500
;TYPE:WALL-INNER
;MESH:ParametricSnapInCP2102-CaseTop.stl
G1 F2400 E1265.46631
G1 F2069 X112.428 Y97.077 E1265.50381
G1 X107.571 Y97.076 E1265.64435
G1 F2063 X106.32 Y97.426 E1265.68205
G1 F2069 X113.676 Y97.426 E1265.89491
M204 S2000
G1 F2400 E1265.09491
G0 F9000 X131.091 Y97.562
G0 X131.486 Y97.64
G0 X131.851 Y97.836
G0 X132.083 Y98.046
G0 X132.352 Y98.494
G0 X132.439 Y98.844
G0 X132.438 Y121.211
G0 X132.299 Y121.633
G0 X131.972 Y122.072
G0 X131.497 Y122.358
G0 X131.091 Y122.438
G0 X113.68 Y122.438
G0 X113.681 Y122.573
M204 S500
G1 F2400 E1265.89491
G1 F2063 X106.319 Y122.573 E1266.10855
G1 X107.569 Y122.923 E1266.14622
G1 X112.431 Y122.923 E1266.28731
G1 X113.681 Y122.573 E1266.32498
M204 S2000
G1 F2400 E1265.52498
G0 F9000 X107.555 Y122.998
G0 X107.518 Y123.297
M204 S500
;TYPE:WALL-OUTER
G1 F2400 E1266.32498
G1 F1800 X112.482 Y123.297 E1266.49008
G1 F1791 X114.965 Y122.6 E1266.57629
G1 F1782.2 X131.126 Y122.598 E1267.11918
G1 F1730.8 X131.382 Y122.586 E1267.12804
G1 F1629 X131.714 Y122.513 E1267.14054
G1 F1572.1 X132.054 Y122.319 E1267.15545
G1 F1561.8 X132.345 Y122.036 E1267.17101
G1 F1600 X132.542 Y121.599 E1267.18894
G1 F1702.1 X132.599 Y121.288 E1267.20006
G1 F1773.4 X132.599 Y110.092 E1267.57803
G1 F1791 X132.6 Y98.896 E1267.95227
G1 F1743.3 X132.587 Y98.615 E1267.96193
G1 F1632.7 X132.513 Y98.286 E1267.9743
G1 F1568.6 X132.319 Y97.946 E1267.98924
G1 X132.034 Y97.648 E1268.00497
G1 F1610.7 X131.6 Y97.458 E1268.02258
G1 F1690.1 X131.274 Y97.402 E1268.0343
G1 F1751.8 X114.945 Y97.397 E1268.59234
G1 F1782.2 X112.48 Y96.703 E1268.67837
G1 F1800 X107.52 Y96.702 E1268.84334
G1 F1791 X105.035 Y97.4 E1268.92962
G1 F1760.4 X88.672 Y97.401 E1269.4861
G1 F1655.2 X88.286 Y97.487 E1269.5004
G1 F1572.1 X87.946 Y97.681 E1269.51531
G1 F1565.2 X87.722 Y97.894 E1269.52713
G1 F1575.5 X87.477 Y98.298 E1269.54509
G1 F1662.8 X87.402 Y98.729 E1269.56084
G1 F1764.7 X87.401 Y109.9 E1269.93982
G1 F1786.6 X87.4 Y121.071 E1270.31415
G1 F1756.1 X87.41 Y121.337 E1270.32323
G1 F1651.4 X87.479 Y121.702 E1270.33669
G1 F1565.2 X87.684 Y122.052 E1270.35221
G1 F1548.4 X87.896 Y122.278 E1270.36419
G1 F1572.1 X88.215 Y122.474 E1270.37845
G1 F1629 X88.55 Y122.582 E1270.39138
G1 F1726.6 X88.875 Y122.597 E1270.40266
G1 F1777.8 X105.055 Y122.603 E1270.94754
G1 F1782.2 X107.518 Y123.297 E1271.0335
M204 S2000
G1 F2400 E1270.2335
G0 F9000 X107.555 Y122.998
G0 X114.561 Y122.475
G0 X114.94 Y122.361
G0 X123.224 Y122.398
G0 X131.091 Y122.438
G0 X131.419 Y122.374
G0 X132.056 Y122.061
G0 X131.849 Y121.907
M204 S500
G1 F2400 E1271.0335
G1 F1632.7 X131.452 Y122.132 E1271.05023
G1 F1702.1 X131.082 Y122.199 E1271.06346
G1 F1786.6 X88.914 Y122.197 E1272.47649
G1 F1726.6 X88.603 Y122.15 E1272.4874
G1 F1614.3 X88.234 Y121.958 E1272.50282
G1 F1572.1 X87.982 Y121.687 E1272.51692
G1 F1629 X87.838 Y121.345 E1272.53056
G1 F1734.9 X87.803 Y121.106 E1272.53889
G1 F1786.6 X87.802 Y98.914 E1273.28254
G1 F1710.2 X87.864 Y98.559 E1273.29515
G1 F1618 X88.003 Y98.287 E1273.30645
G1 F1582.4 X88.209 Y98.061 E1273.31802
G1 F1589.4 X88.544 Y97.863 E1273.33268
G1 F1698.1 X88.861 Y97.801 E1273.34407
G1 F1786.6 X131.086 Y97.802 E1274.75901
G1 F1714.3 X131.441 Y97.864 E1274.7716
G1 F1618 X131.719 Y98.003 E1274.7831
G1 F1582.4 X131.926 Y98.186 E1274.79355
G1 F1600 X132.132 Y98.55 E1274.8092
G1 F1698.1 X132.197 Y98.847 E1274.81992
G1 F1782.2 X132.199 Y121.177 E1275.57004
G1 F1751.8 X132.108 Y121.522 E1275.58224
G1 F1674.4 X131.849 Y121.907 E1275.59883
M204 S2000
G1 F2400 E1274.79883
;MESH:NONMESH
G0 F300 X131.849 Y121.907 Z4
G0 F9000 X132.056 Y122.061
G0 X132.299 Y121.633
G0 X132.438 Y121.211
G0 X132.439 Y98.844
G0 X132.352 Y98.494
G0 X132.083 Y98.046
G0 X131.851 Y97.836
G0 X131.486 Y97.64
G0 X131.091 Y97.562
G0 X113.777 Y97.568
G0 X113.672 Y97.426
;TIME_ELAPSED:1478.512551
;LAYER:19
M204 S500
;TYPE:WALL-INNER
;MESH:ParametricSnapInCP2102-CaseTop.stl
G1 F2400 E1275.59883
G1 F2057.1 X112.42 Y97.076 E1275.63666
G1 X107.58 Y97.075 E1275.77752
G1 F2051.3 X106.325 Y97.426 E1275.81555
G1 F2057.1 X113.672 Y97.426 E1276.02937
M204 S2000
G1 F2400 E1275.22937
G0 F9000 X131.211 Y97.562
G0 X131.633 Y97.701
G0 X132.072 Y98.028
G0 X132.356 Y98.5
G0 X132.437 Y98.88
G0 X132.438 Y121.211
G0 X132.299 Y121.633
G0 X131.972 Y122.072
G0 X131.5 Y122.356
G0 X131.12 Y122.437
G0 X113.674 Y122.437
G0 X113.675 Y122.574
M204 S500
G1 F2400 E1276.02937
G1 F2051.3 X106.325 Y122.574 E1276.24388
G1 X107.58 Y122.925 E1276.28192
G1 X112.42 Y122.925 E1276.42318
G1 X113.675 Y122.574 E1276.46121
M204 S2000
G1 F2400 E1275.66121
G0 F9000 X107.567 Y123.001
G0 X107.529 Y123.3
M204 S500
;TYPE:WALL-OUTER
G1 F2400 E1276.46121
G1 F1800 X112.471 Y123.3 E1276.62558
G1 F1791 X114.965 Y122.6 E1276.71217
G1 F1782.2 X131.156 Y122.598 E1277.25607
G1 F1718.4 X131.463 Y122.583 E1277.26678
G1 F1600 X131.88 Y122.438 E1277.2833
G1 F1551.7 X132.195 Y122.198 E1277.29858
G1 X132.369 Y121.976 E1277.30946
G1 F1578.9 X132.531 Y121.674 E1277.32245
G1 F1678.3 X132.599 Y121.28 E1277.33672
G1 F1764.7 X132.598 Y98.844 E1278.09786
G1 F1718.4 X132.583 Y98.537 E1278.10857
G1 F1596.5 X132.438 Y98.12 E1278.12513
G1 F1548.4 X132.198 Y97.805 E1278.14044
G1 F1551.7 X131.976 Y97.631 E1278.15132
G1 F1578.9 X131.674 Y97.469 E1278.16432
G1 F1678.3 X131.274 Y97.401 E1278.17879
G1 F1756.1 X114.945 Y97.397 E1278.73547
G1 F1782.2 X112.471 Y96.701 E1278.82181
G1 F1800 X107.529 Y96.7 E1278.98618
G1 F1791 X105.035 Y97.4 E1279.07277
G1 F1782.2 X88.844 Y97.402 E1279.61667
G1 F1718.4 X88.537 Y97.417 E1279.62738
G1 F1600 X88.12 Y97.562 E1279.64389
G1 F1551.7 X87.805 Y97.802 E1279.65917
G1 X87.631 Y98.023 E1279.67003
G1 F1582.4 X87.491 Y98.295 E1279.6816
G1 F1690.1 X87.401 Y98.714 E1279.69678
G1 F1777.8 X87.401 Y121.093 E1280.45041
G1 F1722.5 X87.417 Y121.463 E1280.46328
G1 F1618 X87.527 Y121.782 E1280.47577
G1 F1572.1 X87.681 Y122.054 E1280.48767
G1 F1558.4 X87.959 Y122.343 E1280.50308
G1 F1575.5 X88.326 Y122.529 E1280.51871
G1 F1662.8 X88.71 Y122.597 E1280.53275
G1 F1747.6 X105.055 Y122.603 E1281.0927
G1 F1782.2 X107.529 Y123.3 E1281.17904
M204 S2000
G1 F2400 E1280.37904
G0 F9000 X107.567 Y123.001
G0 X112.442 Y123.061
G0 X114.94 Y122.361
G0 X105.06 Y97.639
G0 X87.639 Y98.7
G0 X87.639 Y121.432
G0 X87.995 Y122.031
G0 X88.435 Y122.32
G0 X88.557 Y122.142
M204 S500
G1 F2400 E1281.17904
G1 F1618 X88.247 Y121.976 E1281.19206
G1 F1558.4 X88.061 Y121.791 E1281.20213
G1 F1589.4 X87.856 Y121.442 E1281.21738
G1 F1694.1 X87.801 Y121.057 E1281.23112
G1 F1777.8 X87.801 Y98.802 E1281.98058
G1 F1690.1 X87.9 Y98.467 E1281.99295
G1 F1629 X88.185 Y98.058 E1282.01127
G1 F1670.5 X88.586 Y97.85 E1282.02746
G1 F1747.6 X88.892 Y97.802 E1282.03807
G1 F1773.4 X114.89 Y97.797 E1282.91574
G1 F1760.4 X131.207 Y97.806 E1283.47066
G1 F1678.3 X131.519 Y97.891 E1283.48219
G1 F1585.9 X131.887 Y98.147 E1283.49912
G1 F1548.4 X132.027 Y98.349 E1283.50862
G1 F1600 X132.151 Y98.6 E1283.51909
G1 F1722.5 X132.197 Y98.885 E1283.52913
G1 F1786.6 X132.199 Y121.177 E1284.27612
G1 F1698.1 X132.109 Y121.519 E1284.28859
G1 F1585.9 X131.853 Y121.887 E1284.30552
G1 F1551.7 X131.651 Y122.027 E1284.315
G1 F1603.6 X131.4 Y122.151 E1284.32545
G1 F1722.5 X131.108 Y122.198 E1284.33573
G1 F1786.6 X88.914 Y122.197 E1285.74963
G1 F1734.9 X88.557 Y122.142 E1285.7621
M204 S2000
G1 F2400 E1284.9621
;MESH:NONMESH
G0 F300 X88.557 Y122.142 Z4.2
G0 F9000 X88.435 Y122.32
G0 X87.917 Y121.954
G0 X87.641 Y121.495
G0 X87.561 Y121.063
G0 X87.562 Y98.789
G0 X87.701 Y98.367
G0 X88.028 Y97.928
G0 X88.5 Y97.644
G0 X88.88 Y97.563
G0 X108.839 Y97.57
G0 X113.672 Y97.426
;TIME_ELAPSED:1493.086239
;LAYER:20
M204 S500
;TYPE:WALL-INNER
;MESH:ParametricSnapInCP2102-CaseTop.stl
G1 F2400 E1285.7621
G1 F2057.1 X112.42 Y97.076 E1285.79993
G1 X107.58 Y97.075 E1285.94079
G1 F2051.3 X106.325 Y97.426 E1285.97882
G1 F2057.1 X113.672 Y97.426 E1286.19264
M204 S2000
G1 F2400 E1285.39264
G0 F9000 X131.211 Y97.562
G0 X131.633 Y97.701
G0 X132.063 Y98.021
G0 X132.31 Y98.389
G0 X132.437 Y98.871
G0 X132.438 Y121.091
G0 X132.362 Y121.476
G0 X132.227 Y121.761
G0 X131.865 Y122.16
G0 X131.401 Y122.388
G0 X131.109 Y122.437
G0 X113.674 Y122.437
G0 X113.675 Y122.574
M204 S500
G1 F2400 E1286.19264
G1 F2051.3 X106.325 Y122.574 E1286.40715
G1 X107.58 Y122.925 E1286.44519
G1 X112.42 Y122.925 E1286.58645
G1 X113.675 Y122.574 E1286.62448
M204 S2000
G1 F2400 E1285.82448
G0 F9000 X107.567 Y123.001
G0 X107.529 Y123.3
M204 S500
;TYPE:WALL-OUTER
G1 F2400 E1286.62448
G1 F1800 X112.471 Y123.3 E1286.78885
G1 F1791 X114.965 Y122.6 E1286.87544
G1 X131.074 Y122.6 E1287.41391
G1 F1726.6 X131.463 Y122.583 E1287.42741
G1 F1621.6 X131.782 Y122.474 E1287.43985
G1 F1575.5 X132.128 Y122.276 E1287.455
G1 F1596.5 X132.473 Y121.84 E1287.47585
G1 F1647.6 X132.585 Y121.425 E1287.49147
G1 F1730.8 X132.599 Y121.116 E1287.50217
G1 F1795.5 X132.6 Y98.928 E1288.24199
G1 F1710.2 X132.58 Y98.537 E1288.2557
G1 F1614.3 X132.476 Y98.217 E1288.26817
G1 F1589.4 X132.267 Y97.859 E1288.28379
G1 F1596.5 X131.821 Y97.52 E1288.3048
G1 F1640.1 X131.425 Y97.416 E1288.31974
G1 F1734.9 X131.142 Y97.401 E1288.32952
G1 F1782.2 X114.945 Y97.397 E1288.87362
G1 X112.471 Y96.701 E1288.95996
G1 F1800 X107.529 Y96.7 E1289.12433
G1 F1791 X105.035 Y97.4 E1289.21092
G1 X88.928 Y97.4 E1289.74932
G1 F1714.3 X88.537 Y97.421 E1289.76299
G1 F1618 X88.217 Y97.524 E1289.77543
G1 F1589.4 X87.859 Y97.733 E1289.79104
G1 F1568.6 X87.594 Y98.082 E1289.80777
G1 F1585.9 X87.492 Y98.292 E1289.81658
G1 F1678.3 X87.407 Y98.688 E1289.83103
G1 F1730.8 X87.401 Y121.333 E1290.61433
G1 F1647.6 X87.487 Y121.725 E1290.62891
G1 F1561.8 X87.683 Y122.051 E1290.6435
G1 F1548.4 X87.897 Y122.278 E1290.65556
G1 F1572.1 X88.221 Y122.477 E1290.67004
G1 F1625.3 X88.529 Y122.582 E1290.68202
G1 F1730.8 X88.954 Y122.598 E1290.69674
G1 F1782.2 X105.055 Y122.603 E1291.23761
G1 X107.529 Y123.3 E1291.32396
M204 S2000
G1 F2400 E1290.52396
G0 F9000 X107.567 Y123.001
G0 X105.414 Y122.449
G0 X105.11 Y122.203
M204 S500
G1 F2400 E1291.32396
G1 F1777.8 X88.918 Y122.197 E1291.86924
G1 F1726.6 X88.623 Y122.158 E1291.87955
G1 F1614.3 X88.233 Y121.958 E1291.89581
G1 F1610.7 X87.937 Y121.626 E1291.91234
G1 F1694.1 X87.807 Y121.239 E1291.92677
G1 F1743.3 X87.806 Y98.793 E1292.69759
G1 F1666.7 X87.91 Y98.433 E1292.71105
G1 F1592.9 X88.169 Y98.086 E1292.72732
G1 F1647.6 X88.503 Y97.878 E1292.74162
G1 F1743.3 X88.893 Y97.802 E1292.75526
G1 F1773.4 X114.89 Y97.797 E1293.6329
G1 F1760.4 X131.207 Y97.806 E1294.18781
G1 F1678.3 X131.559 Y97.904 E1294.20085
G1 F1596.5 X131.913 Y98.168 E1294.21741
G1 F1632.7 X132.12 Y98.495 E1294.2316
G1 F1722.5 X132.195 Y98.876 E1294.2451
G1 F1777.8 X132.199 Y121.082 E1294.9929
G1 F1726.6 X132.141 Y121.425 E1295.00497
G1 F1636.4 X132.048 Y121.64 E1295.01354
G1 F1614.3 X131.765 Y121.974 E1295.02977
G1 F1640.1 X131.348 Y122.166 E1295.04653
G1 F1722.5 X131.108 Y122.197 E1295.05494
G1 F1777.8 X105.11 Y122.203 E1295.93044
M204 S2000
G1 F2400 E1295.13044
;MESH:NONMESH
G0 F300 X105.11 Y122.203 Z4.4
G0 F9000 X105.414 Y122.449
G0 X110.297 Y122.437
G0 X131.109 Y122.437
G0 X131.401 Y122.388
G0 X131.865 Y122.16
G0 X132.227 Y121.761
G0 X132.362 Y121.476
G0 X132.438 Y121.091
G0 X132.437 Y98.871
G0 X132.31 Y98.389
G0 X132.063 Y98.021
G0 X131.633 Y97.701
G0 X131.211 Y97.562
G0 X111.043 Y97.562
G0 X106.318 Y97.427
;TIME_ELAPSED:1506.636040
;LAYER:21
M204 S500
;TYPE:WALL-INNER
;MESH:ParametricSnapInCP2102-CaseTop.stl
G1 F2400 E1295.93044
G1 F2069 X113.679 Y97.427 E1296.14345
G1 X112.434 Y97.079 E1296.18085
G1 X107.567 Y97.078 E1296.32168
G1 F2063 X106.318 Y97.427 E1296.35932
M204 S2000
G1 F2400 E1295.55932
G0 F9000 X113.682 Y97.601
G0 X113.683 Y98.666
G0 X113.681 Y121.334
G0 X113.682 Y122.573
M204 S500
G1 F2400 E1296.35932
G1 F2063 X106.319 Y122.573 E1296.57299
G1 X107.569 Y122.923 E1296.61066
G1 X112.433 Y122.922 E1296.75181
G1 X113.682 Y122.573 E1296.78944
M204 S2000
G1 F2400 E1295.98944
G0 F9000 X107.555 Y122.998
G0 X107.518 Y123.297
M204 S500
;TYPE:WALL-OUTER
G1 F2400 E1296.78944
G1 F1800 X112.484 Y123.296 E1296.95461
G1 F1791 X114.965 Y122.6 E1297.04075
G1 F1782.2 X131.152 Y122.598 E1297.58451
G1 F1718.4 X131.463 Y122.583 E1297.59536
G1 F1618 X131.782 Y122.473 E1297.60784
G1 F1568.6 X132.054 Y122.319 E1297.61977
G1 F1561.8 X132.347 Y122.034 E1297.63544
G1 F1600 X132.542 Y121.604 E1297.65311
G1 F1694.1 X132.597 Y121.325 E1297.66316
G1 F1760.4 X132.598 Y110.127 E1298.04398
G1 F1786.6 X132.599 Y98.929 E1298.41923
G1 F1730.8 X132.583 Y98.537 E1298.4328
G1 F1625.3 X132.475 Y98.218 E1298.4452
G1 F1578.9 X132.319 Y97.946 E1298.45709
G1 F1603.6 X132.044 Y97.658 E1298.47196
G1 F1678.3 X131.527 Y97.423 E1298.49222
G1 F1760.4 X131.047 Y97.402 E1298.50856
G1 F1786.6 X114.945 Y97.397 E1299.04813
G1 F1782.2 X112.486 Y96.705 E1299.13394
G1 F1800 X107.516 Y96.704 E1299.29924
G1 F1791 X105.035 Y97.4 E1299.38538
G1 F1782.2 X88.848 Y97.402 E1299.92914
G1 F1718.4 X88.537 Y97.417 E1299.93999
G1 F1610.7 X88.397 Y97.475 E1299.94562
G1 F1558.4 X88.118 Y97.56 E1299.95683
G1 F1548.4 X87.807 Y97.805 E1299.97213
G1 F1555.1 X87.569 Y98.098 E1299.98667
G1 F1610.7 X87.45 Y98.426 E1299.99963
G1 F1698.1 X87.402 Y98.746 E1300.01104
G1 F1760.4 X87.402 Y121.118 E1300.77188
G1 F1702.1 X87.42 Y121.463 E1300.78403
G1 F1592.9 X87.561 Y121.881 E1300.80061
G1 F1561.8 X87.859 Y122.269 E1300.81936
G1 F1575.5 X88.217 Y122.474 E1300.83504
G1 F1618 X88.53 Y122.581 E1300.84728
G1 F1726.6 X88.951 Y122.598 E1300.86189
G1 F1782.2 X105.055 Y122.603 E1301.40287
G1 X107.518 Y123.297 E1301.48883
M204 S2000
G1 F2400 E1300.68883
G0 F9000 X107.555 Y122.998
G0 X114.56 Y122.475
G0 X114.94 Y122.361
G0 X123.27 Y122.398
G0 X131.114 Y122.437
G0 X132.055 Y122.063
G0 X131.847 Y121.908
M204 S500
G1 F2400 E1301.48883
G1 F1607.1 X131.421 Y122.148 E1301.50704
G1 F1694.1 X131.105 Y122.198 E1301.51835
G1 F1786.6 X88.915 Y122.197 E1302.93212
G1 F1722.5 X88.636 Y122.16 E1302.9419
G1 F1625.3 X88.293 Y122 E1302.95584
G1 F1578.9 X88.078 Y121.813 E1302.96665
G1 F1607.1 X87.878 Y121.475 E1302.98128
G1 F1714.3 X87.801 Y121.062 E1302.99595
G1 F1786.6 X87.802 Y98.913 E1303.73815
G1 F1714.3 X87.861 Y98.567 E1303.75041
G1 F1610.7 X87.958 Y98.348 E1303.75931
G1 F1572.1 X88.228 Y98.037 E1303.775
G1 F1568.6 X88.554 Y97.853 E1303.78928
G1 F1662.8 X88.895 Y97.802 E1303.8017
G1 F1786.6 X131.087 Y97.803 E1305.21553
G1 F1751.8 X131.431 Y97.858 E1305.22744
G1 F1640.1 X131.804 Y98.068 E1305.24306
G1 F1575.5 X131.973 Y98.249 E1305.25247
G1 F1621.6 X132.151 Y98.6 E1305.267
G1 F1722.5 X132.197 Y98.889 E1305.27718
G1 F1764.7 X132.197 Y110.054 E1305.65595
G1 F1730.8 X132.198 Y121.219 E1306.04216
G1 F1674.4 X132.091 Y121.548 E1306.05452
G1 F1618 X131.847 Y121.908 E1306.07062
M204 S2000
G1 F2400 E1305.27062
;MESH:NONMESH
G0 F300 X131.847 Y121.908 Z4.6
G0 F9000 X132.055 Y122.063
G0 X131.295 Y122.38
G0 X131.078 Y121.318
G0 X121.638 Y98.666
G0 X107.343 Y97.287
;TIME_ELAPSED:1519.799302
;LAYER:22
M204 S500
;TYPE:WALL-INNER
;MESH:ParametricSnapInCP2102-CaseTop.stl
G1 F2400 E1306.07062
G1 F1138.4 X112.655 Y97.286 E1306.34888
M204 S2000
G1 F2400 E1305.54888
G0 F9000 X112.657 Y97.601
G0 X112.658 Y98.666
G0 X112.656 Y121.334
G0 X112.657 Y122.713
M204 S500
G1 F2400 E1306.34888
G1 F1138.4 X107.345 Y122.714 E1306.62715
M204 S2000
G0 F9000 X107.275 Y123.229
M204 S500
;TYPE:WALL-OUTER
G1 F1793 X112.727 Y123.228 E1306.80849
G1 F1784.1 X114.965 Y122.6 E1306.88618
G1 X131.065 Y122.6 E1307.42435
G1 F1719.9 X131.463 Y122.582 E1307.43816
G1 F1626.3 X131.783 Y122.477 E1307.45051
G1 F1572.8 X132.053 Y122.318 E1307.46239
G1 F1565.9 X132.34 Y122.047 E1307.47743
G1 F1597.3 X132.531 Y121.628 E1307.49462
G1 F1652.5 X132.586 Y121.379 E1307.50382
G1 F1745 X132.598 Y121.05 E1307.51507
G1 F1784.1 X132.597 Y98.849 E1308.25717
G1 F1711.7 X132.582 Y98.537 E1308.26805
G1 F1622.6 X132.477 Y98.217 E1308.28043
G1 F1572.8 X132.318 Y97.947 E1308.29231
G1 F1565.9 X132.047 Y97.66 E1308.30735
G1 F1597.3 X131.628 Y97.469 E1308.32454
G1 F1652.5 X131.378 Y97.415 E1308.33377
G1 F1749.2 X131.05 Y97.402 E1308.34496
G1 F1779.6 X114.945 Y97.397 E1308.88463
G1 F1775.2 X112.725 Y96.772 E1308.96211
G1 F1793 X107.273 Y96.772 E1309.14344
G1 F1784.1 X105.035 Y97.4 E1309.22114
G1 X88.935 Y97.4 E1309.7593
G1 F1715.8 X88.537 Y97.418 E1309.77315
G1 F1622.6 X88.216 Y97.523 E1309.78556
G1 F1572.8 X87.944 Y97.683 E1309.79753
G1 F1555.7 X87.723 Y97.892 E1309.80919
G1 F1562.5 X87.524 Y98.226 E1309.82403
G1 F1604.5 X87.418 Y98.521 E1309.83568
G1 F1711.7 X87.401 Y98.882 E1309.84827
G1 F1779.6 X87.402 Y121.107 E1310.59302
G1 F1711.7 X87.418 Y121.463 E1310.60543
G1 F1611.7 X87.526 Y121.783 E1310.61793
G1 F1569.3 X87.682 Y122.057 E1310.62991
G1 F1549 X87.894 Y122.275 E1310.64162
G1 F1565.9 X88.22 Y122.478 E1310.65624
G1 F1618.9 X88.53 Y122.579 E1310.66825
G1 F1719.9 X88.862 Y122.599 E1310.67979
G1 F1779.6 X105.055 Y122.603 E1311.22241
G1 F1775.2 X107.275 Y123.229 E1311.29989
M204 S2000
G1 F2400 E1310.49989
G0 F9000 X107.312 Y122.93
G0 X105.414 Y122.449
G0 X105.11 Y122.203
M204 S500
G1 F2400 E1311.29989
G1 F1753.5 X88.797 Y122.195 E1311.85467
G1 F1667.9 X88.437 Y122.085 E1311.86813
G1 F1586.7 X88.089 Y121.842 E1311.88408
G1 F1641.2 X87.856 Y121.433 E1311.90119
G1 F1740.8 X87.801 Y121.063 E1311.914
G1 F1779.6 X87.802 Y98.916 E1312.65614
G1 F1687.5 X87.845 Y98.587 E1312.66786
G1 F1583.2 X88.081 Y98.182 E1312.68552
G1 F1572.8 X88.329 Y97.974 E1312.69779
G1 F1644.9 X88.577 Y97.854 E1312.70778
G1 F1740.8 X88.9 Y97.802 E1312.71899
G1 F1784.1 X131.084 Y97.803 E1314.12905
G1 F1740.8 X131.36 Y97.84 E1314.13859
G1 F1656.3 X131.796 Y98.057 E1314.15612
G1 F1604.5 X132.023 Y98.326 E1314.16921
G1 F1618.9 X132.152 Y98.614 E1314.18083
G1 F1711.7 X132.196 Y98.892 E1314.19064
G1 F1779.6 X132.197 Y121.084 E1314.93428
G1 F1736.5 X132.16 Y121.36 E1314.94385
G1 F1656.3 X131.943 Y121.796 E1314.96138
G1 F1604.5 X131.674 Y122.023 E1314.97446
G1 F1644.9 X131.424 Y122.146 E1314.98456
G1 F1740.8 X131.1 Y122.198 E1314.9958
G1 F1766.5 X105.11 Y122.203 E1315.8732
M204 S2000
G1 F2400 E1315.0732
;MESH:NONMESH
G0 F300 X105.11 Y122.203 Z4.8
G0 F9000 X105.414 Y122.449
G0 X106.586 Y122.399
G0 X106.585 Y121.335
G0 X106.587 Y98.666
G0 X106.586 Y97.392
;TIME_ELAPSED:1531.321465
;LAYER:23
M204 S500
;TYPE:WALL-INNER
;MESH:ParametricSnapInCP2102-CaseTop.stl
G1 F2400 E1315.8732
G1 F1698.1 X113.412 Y97.391 E1316.11386
M204 S2000
G1 F2400 E1315.31386
G0 F9000 X131.091 Y97.562
G0 X131.497 Y97.642
G0 X131.971 Y97.927
G0 X132.296 Y98.36
G0 X132.433 Y98.825
G0 X132.438 Y121.091
G0 X132.36 Y121.486
G0 X132.165 Y121.849
G0 X131.968 Y122.07
G0 X131.517 Y122.351
G0 X131.11 Y122.437
G0 X113.413 Y122.437
G0 X113.414 Y122.609
M204 S500
G1 F2400 E1316.11386
G1 F1706.2 X106.588 Y122.61 E1316.35338
M204 S2000
G0 F9000 X106.532 Y123.021
M204 S500
;TYPE:WALL-OUTER
G1 F1800 X113.47 Y123.02 E1316.58414
G1 F1791 X114.965 Y122.6 E1316.63604
G1 X131.062 Y122.6 E1317.17411
G1 F1722.5 X131.463 Y122.582 E1317.18806
G1 F1618 X131.781 Y122.474 E1317.20049
G1 F1572.1 X132.056 Y122.316 E1317.21257
G1 F1582.4 X132.285 Y122.106 E1317.22432
G1 F1589.4 X132.44 Y121.86 E1317.23527
G1 F1651.4 X132.584 Y121.475 E1317.25018
G1 F1760.4 X132.6 Y121.047 E1317.26474
G1 F1791 X132.599 Y98.888 E1318.00544
G1 F1710.2 X132.58 Y98.537 E1318.01774
G1 F1618 X132.477 Y98.217 E1318.03018
G1 F1572.1 X132.314 Y97.945 E1318.04226
G1 F1555.1 X132.103 Y97.719 E1318.05416
G1 F1565.2 X131.859 Y97.562 E1318.06526
G1 F1610.7 X131.547 Y97.443 E1318.07767
G1 F1698.1 X131.246 Y97.402 E1318.08838
G1 F1747.6 X114.945 Y97.397 E1318.64682
G1 F1782.2 X113.468 Y96.98 E1318.69838
G1 F1800 X106.53 Y96.98 E1318.92913
G1 F1791 X105.035 Y97.4 E1318.98104
G1 F1782.2 X88.888 Y97.401 E1319.52346
G1 F1710.2 X88.537 Y97.42 E1319.53577
G1 F1621.6 X88.217 Y97.523 E1319.54818
G1 F1572.1 X87.946 Y97.686 E1319.56022
G1 F1555.1 X87.718 Y97.898 E1319.57221
G1 F1561.8 X87.564 Y98.139 E1319.58317
G1 F1607.1 X87.447 Y98.436 E1319.59506
G1 F1706.2 X87.402 Y98.752 E1319.60626
G1 F1769 X87.401 Y109.892 E1319.98326
G1 F1791 X87.4 Y121.032 E1320.35564
G1 F1726.6 X87.418 Y121.465 E1320.37066
G1 F1614.3 X87.526 Y121.783 E1320.38312
G1 F1568.6 X87.683 Y122.056 E1320.39514
G1 F1551.7 X87.894 Y122.274 E1320.40684
G1 F1572.1 X88.22 Y122.478 E1320.42149
G1 F1625.3 X88.53 Y122.58 E1320.43351
G1 F1722.5 X88.862 Y122.599 E1320.44507
G1 F1786.6 X105.055 Y122.603 E1320.98769
G1 F1782.2 X106.532 Y123.021 E1321.03925
M204 S2000
G1 F2400 E1320.23925
G0 F9000 X106.569 Y122.722
G0 X105.414 Y122.449
G0 X105.11 Y122.203
M204 S500
G1 F2400 E1321.03925
G1 F1764.7 X88.797 Y122.195 E1321.59268
G1 F1678.3 X88.442 Y122.088 E1321.6059
G1 F1625.3 X88.09 Y121.838 E1321.62181
G1 F1678.3 X87.854 Y121.429 E1321.63865
G1 F1747.6 X87.801 Y121.066 E1321.65122
G1 F1786.6 X87.802 Y98.913 E1322.39356
G1 F1718.4 X87.86 Y98.574 E1322.40554
G1 F1621.6 X88.098 Y98.151 E1322.42346
G1 F1596.5 X88.432 Y97.917 E1322.43875
G1 F1674.4 X88.83 Y97.808 E1322.4535
G1 F1756.1 X114.89 Y97.799 E1323.34193
G1 F1773.4 X131.087 Y97.802 E1323.88873
G1 F1722.5 X131.419 Y97.857 E1323.90042
G1 F1625.3 X131.851 Y98.099 E1323.91866
G1 F1592.9 X132.083 Y98.432 E1323.93392
G1 F1674.4 X132.192 Y98.83 E1323.94867
G1 F1764.7 X132.195 Y109.956 E1324.32612
G1 F1782.2 X132.199 Y121.082 E1324.69988
G1 F1739.1 X132.149 Y121.396 E1324.71082
G1 F1632.7 X132.033 Y121.651 E1324.7211
G1 F1600 X131.89 Y121.878 E1324.73113
G1 F1662.8 X131.434 Y122.143 E1324.75012
G1 F1743.3 X131.097 Y122.198 E1324.76185
G1 F1773.4 X105.11 Y122.203 E1325.63915
M204 S2000
;MESH:NONMESH
G0 F300 X105.11 Y122.203 Z5
G0 F9000 X105.414 Y122.449
G0 X114.434 Y122.499
G0 X114.434 Y122.235
;TIME_ELAPSED:1543.131378
;LAYER:24
M204 S500
;TYPE:WALL-OUTER
;MESH:ParametricSnapInCP2102-CaseTop.stl
G1 F1527.8 X114.931 Y122.2 E1325.65725
G1 F1652.6 X131.096 Y122.199 E1326.20028
G1 F1612.7 X131.446 Y122.14 E1326.21249
G1 F1517.4 X131.823 Y121.915 E1326.22856
G1 F1464.2 X132.012 Y121.693 E1326.23961
G1 F1510.5 X132.145 Y121.415 E1326.25094
G1 F1601.1 X132.198 Y121.087 E1326.26246
G1 F1660.8 X132.2 Y98.939 E1327.00279
G1 F1624.5 X132.148 Y98.567 E1327.01562
G1 F1520.9 X131.915 Y98.177 E1327.03221
G1 F1464.2 X131.693 Y97.988 E1327.04326
G1 F1510.5 X131.415 Y97.855 E1327.05459
G1 F1601.1 X131.087 Y97.802 E1327.06611
G1 F1660.8 X115 Y97.801 E1327.60384
G1 F1534.9 X114.431 Y97.765 E1327.62446
G1 F1420.6 X105.566 Y97.766 E1327.97091
G1 F1527.8 X105.069 Y97.8 E1327.98901
G1 F1652.6 X88.904 Y97.801 E1328.53204
G1 F1571 X88.537 Y97.864 E1328.5452
G1 F1473.9 X88.183 Y98.081 E1328.56084
G1 F1461 X87.993 Y98.302 E1328.57191
G1 F1497 X87.865 Y98.558 E1328.58253
G1 F1585.9 X87.802 Y98.913 E1328.59515
G1 F1656.7 X87.801 Y121.068 E1329.33756
G1 F1612.7 X87.858 Y121.451 E1329.35088
G1 F1507.1 X88.084 Y121.82 E1329.36682
G1 F1467.4 X88.288 Y121.996 E1329.37702
G1 F1510.5 X88.636 Y122.16 E1329.39116
G1 F1597.3 X88.915 Y122.197 E1329.40094
G1 F1648.5 X105.11 Y122.203 E1329.94632
G1 F1520.9 X105.569 Y122.234 E1329.96311
G1 F1420.6 X114.434 Y122.235 E1330.30956
M204 S2000
G1 F2400 E1329.50956
G0 F9000 X114.434 Y122.499
G0 X105.414 Y122.449
G0 X105.055 Y122.603
M204 S500
G1 F2400 E1330.30956
G1 F1652.6 X88.951 Y122.598 E1330.85054
G1 F1601.1 X88.53 Y122.581 E1330.86515
G1 F1503.7 X88.222 Y122.476 E1330.87716
G1 F1457.8 X87.891 Y122.274 E1330.89193
G1 F1448.3 X87.725 Y122.109 E1330.9009
G1 F1457.8 X87.524 Y121.777 E1330.91568
G1 F1500.4 X87.418 Y121.465 E1330.92787
G1 F1601.1 X87.4 Y121.033 E1330.94287
G1 F1660.8 X87.401 Y109.89 E1331.31534
G1 F1640.4 X87.402 Y98.747 E1331.69244
G1 F1556.3 X87.465 Y98.313 E1331.70808
G1 F1470.6 X87.679 Y97.949 E1331.72402
G1 F1451.4 X87.893 Y97.721 E1331.73599
G1 F1461 X88.284 Y97.486 E1331.75332
G1 F1534.9 X88.668 Y97.403 E1331.76753
G1 F1632.4 X105.035 Y97.4 E1332.32415
G1 F1527.8 X105.534 Y97.295 E1332.34268
G1 F1420.6 X114.463 Y97.295 E1332.69163
G1 F1520.9 X114.945 Y97.397 E1332.70961
G1 F1644.5 X131.126 Y97.402 E1333.25587
G1 F1616.6 X131.521 Y97.421 E1333.26945
G1 F1520.9 X131.911 Y97.586 E1333.2849
G1 F1464.2 X132.268 Y97.861 E1333.30199
G1 X132.514 Y98.286 E1333.32061
G1 F1534.9 X132.598 Y98.67 E1333.33483
G1 F1624.5 X132.598 Y109.893 E1333.71837
G1 F1648.5 X132.599 Y121.116 E1334.09632
G1 F1624.5 X132.581 Y121.518 E1334.11007
G1 F1524.3 X132.414 Y121.911 E1334.12562
G1 F1464.2 X132.139 Y122.268 E1334.14271
G1 X131.714 Y122.514 E1334.16133
G1 F1534.9 X131.332 Y122.598 E1334.17547
G1 F1632.4 X114.965 Y122.6 E1334.73209
G1 F1527.8 X114.466 Y122.705 E1334.75062
G1 F1420.6 X105.537 Y122.706 E1335.09957
G1 F1520.9 X105.055 Y122.603 E1335.11756
M204 S2000
;MESH:NONMESH
G0 F300 X105.055 Y122.603 Z5.2
G0 F9000 X105.414 Y122.449
G0 X115.159 Y122.398
G0 X131.108 Y122.438
G0 X131.576 Y122.314
G0 X131.439 Y122.137
;TIME_ELAPSED:1554.372307
;LAYER:25
M204 S500
;TYPE:WALL-OUTER
;MESH:ParametricSnapInCP2102-CaseTop.stl
G1 F1555.1 X131.803 Y121.936 E1335.13295
G1 F1524.3 X132.09 Y121.563 E1335.15072
G1 F1580 X132.199 Y121.205 E1335.16434
G1 F1651.6 X132.199 Y113.769 E1335.42341
G1 F1675.6 X132.198 Y106.333 E1335.67877
G1 F1700.3 X132.197 Y98.897 E1335.93043
G1 F1647.7 X132.137 Y98.561 E1335.94235
G1 F1555.1 X131.936 Y98.197 E1335.95773
G1 F1524.3 X131.56 Y97.909 E1335.97561
G1 F1572.8 X131.191 Y97.808 E1335.98961
G1 F1636 X122.734 Y97.807 E1336.28706
G1 F1651.6 X114.277 Y97.806 E1336.5817
G1 F1671.6 X105.82 Y97.805 E1336.87283
G1 F1692 X97.363 Y97.804 E1337.16044
G1 F1708.7 X88.906 Y97.802 E1337.44524
G1 F1647.7 X88.557 Y97.865 E1337.45762
G1 F1565.7 X88.363 Y97.953 E1337.46545
G1 F1527.7 X88.095 Y98.168 E1337.47839
G1 F1551.6 X87.93 Y98.399 E1337.48892
G1 F1639.9 X87.804 Y98.762 E1337.5024
G1 F1700.3 X87.801 Y121.082 E1338.25776
G1 F1675.6 X87.856 Y121.432 E1338.26993
G1 F1572.8 X88.083 Y121.82 E1338.28637
G1 F1524.3 X88.287 Y121.997 E1338.29657
G1 F1565.7 X88.599 Y122.15 E1338.30934
G1 F1655.6 X88.914 Y122.197 E1338.32041
G1 F1717.2 X131.095 Y122.198 E1339.73388
G1 F1651.6 X131.439 Y122.137 E1339.74605
M204 S2000
G1 F2400 E1338.94605
G0 F9000 X131.553 Y122.312
G0 X131.124 Y122.397
G0 X130.99 Y121.335
G0 X89.014 Y121.335
G0 X88.53 Y122.581
M204 S500
G1 F2400 E1339.74605
G1 F1565.7 X88.222 Y122.477 E1339.758
G1 F1517.6 X87.891 Y122.274 E1339.77272
G1 F1504.4 X87.725 Y122.109 E1339.78167
G1 F1514.3 X87.524 Y121.777 E1339.79642
G1 F1558.6 X87.418 Y121.465 E1339.80859
G1 F1659.5 X87.401 Y121.047 E1339.82309
G1 F1712.9 X87.403 Y98.677 E1340.57456
G1 F1620.7 X87.483 Y98.32 E1340.58755
G1 F1514.3 X87.63 Y97.999 E1340.60097
G1 F1488.2 X87.891 Y97.727 E1340.61554
G1 F1504.4 X88.267 Y97.484 E1340.63267
G1 F1590.9 X88.691 Y97.404 E1340.64827
G1 F1683.8 X102.826 Y97.404 E1341.13133
G1 F1700.3 X116.961 Y97.404 E1341.60969
G1 F1717.2 X131.096 Y97.404 E1342.08335
G1 F1671.6 X131.373 Y97.416 E1342.0929
G1 F1590.9 X131.683 Y97.483 E1342.10437
G1 F1527.7 X131.898 Y97.584 E1342.11331
G1 F1494.7 X132.209 Y97.821 E1342.12837
G1 F1497.9 X132.385 Y98.044 E1342.13928
G1 F1544.7 X132.547 Y98.412 E1342.15426
G1 F1632.1 X132.596 Y98.696 E1342.16442
G1 F1667.5 X132.598 Y121.324 E1342.94525
G1 F1609.4 X132.517 Y121.683 E1342.95841
G1 F1531 X132.416 Y121.898 E1342.96734
G1 F1497.9 X132.179 Y122.209 E1342.98236
G1 F1501.2 X131.956 Y122.385 E1342.99325
G1 F1544.7 X131.588 Y122.547 E1343.00823
G1 F1628.3 X131.304 Y122.596 E1343.01841
G1 F1679.7 X117.161 Y122.596 E1343.50292
G1 F1696.2 X103.018 Y122.596 E1343.98273
G1 F1712.9 X88.875 Y122.597 E1344.45783
G1 F1655.6 X88.53 Y122.581 E1344.46983
M204 S2000
G1 F2400 E1343.66983
;MESH:NONMESH
G0 F300 X88.53 Y122.581 Z5.4
G0 F9000 X88.555 Y122.379
G0 X88.888 Y122.397
G0 X89.014 Y121.335
G0 X130.99 Y121.335
G0 X131.831 Y121.922
;TIME_ELAPSED:1565.882654
;LAYER:26
M204 S500
;TYPE:WALL-OUTER
;MESH:ParametricSnapInCP2102-CaseTop.stl
G1 F2400 E1344.46983
G1 F1603.1 X132.108 Y121.527 E1344.48737
G1 F1704.5 X132.198 Y121.076 E1344.50308
G1 F1742.6 X132.197 Y98.901 E1345.24431
G1 F1668 X132.138 Y98.562 E1345.25633
G1 F1570.7 X132.031 Y98.334 E1345.26567
G1 F1546.4 X131.817 Y98.072 E1345.27841
G1 F1563.7 X131.448 Y97.864 E1345.29419
G1 F1648.3 X131.157 Y97.804 E1345.30469
G1 F1734 X88.906 Y97.801 E1346.72402
G1 F1664 X88.554 Y97.864 E1346.73654
G1 F1560.2 X88.185 Y98.08 E1346.7525
G1 F1574.2 X87.924 Y98.397 E1346.76769
G1 F1668 X87.807 Y98.826 E1346.78322
G1 F1721.2 X87.801 Y121.081 E1347.53638
G1 F1660 X87.868 Y121.455 E1347.54971
G1 F1563.7 X88.096 Y121.843 E1347.56648
G1 F1546.4 X88.438 Y122.085 E1347.58226
G1 F1629.2 X88.797 Y122.195 E1347.59568
G1 F1721.2 X109.946 Y122.197 E1348.31141
G1 F1729.7 X131.095 Y122.199 E1349.02362
G1 F1652.2 X131.461 Y122.131 E1349.03675
G1 F1563.7 X131.831 Y121.922 E1349.05258
M204 S2000
G1 F2400 E1348.25258
G0 F9000 X131.967 Y122.145
G0 X131.29 Y122.38
G0 X130.99 Y121.335
G0 X88.971 Y121.336
G0 X88.53 Y122.58
M204 S500
G1 F2400 E1349.05258
G1 F1581.4 X88.221 Y122.478 E1349.06456
G1 F1532.9 X87.893 Y122.272 E1349.07928
G1 F1513 X87.719 Y122.103 E1349.08862
G1 F1549.9 X87.492 Y121.744 E1349.10458
G1 F1606.7 X87.414 Y121.382 E1349.11801
G1 F1684 X87.403 Y121.125 E1349.12691
G1 F1742.6 X87.402 Y98.893 E1349.87004
G1 F1660 X87.451 Y98.44 E1349.88603
G1 F1563.7 X87.553 Y98.148 E1349.89755
G1 F1529.6 X87.729 Y97.887 E1349.90954
G1 F1516.3 X87.902 Y97.715 E1349.91891
G1 F1563.7 X88.274 Y97.483 E1349.93524
G1 F1648.3 X88.666 Y97.403 E1349.94938
G1 F1708.6 X102.813 Y97.403 E1350.43168
G1 F1725.5 X116.96 Y97.403 E1350.90927
G1 F1742.6 X131.107 Y97.403 E1351.38215
G1 F1704.5 X131.369 Y97.414 E1351.39111
G1 F1610.4 X131.68 Y97.484 E1351.40264
G1 F1536.3 X131.956 Y97.617 E1351.41426
G1 F1516.3 X132.197 Y97.805 E1351.426
G1 F1526.2 X132.396 Y98.058 E1351.43829
G1 F1549.9 X132.527 Y98.33 E1351.44963
G1 F1603.1 X132.585 Y98.605 E1351.45985
G1 F1684 X132.597 Y98.86 E1351.46868
G1 F1742.6 X132.598 Y121.11 E1352.21241
G1 F1684 X132.583 Y121.368 E1352.22135
G1 F1603.1 X132.519 Y121.681 E1352.23296
G1 F1546.4 X132.383 Y121.956 E1352.24452
G1 F1516.3 X132.195 Y122.197 E1352.25626
G1 F1519.6 X131.939 Y122.394 E1352.26864
G1 F1536.3 X131.673 Y122.525 E1352.27988
G1 F1625.4 X131.337 Y122.597 E1352.2922
G1 F1708.6 X117.179 Y122.597 E1352.77487
G1 F1725.5 X103.021 Y122.598 E1353.25283
G1 F1747 X88.863 Y122.598 E1353.7249
G1 F1675.9 X88.53 Y122.58 E1353.73649
M204 S2000
G1 F2400 E1352.93649
;MESH:NONMESH
G0 F300 X88.53 Y122.58 Z5.6
G0 F9000 X88.547 Y122.369
G0 X88.971 Y121.336
G0 X130.99 Y121.335
G0 X131.89 Y121.865
;TIME_ELAPSED:1577.227708
;LAYER:27
M204 S500
;TYPE:WALL-OUTER
;MESH:ParametricSnapInCP2102-CaseTop.stl
G1 F2400 E1353.73649
G1 F1560.4 X132.127 Y121.48 E1353.75337
G1 F1644.7 X132.198 Y121.083 E1353.76766
G1 F1725.7 X132.195 Y98.829 E1354.51893
G1 F1648.6 X132.114 Y98.504 E1354.53077
G1 F1553.5 X132.121 Y98.483 E1354.5316
G1 F1519.8 X131.853 Y98.102 E1354.54945
G1 F1550.1 X131.471 Y97.866 E1354.56633
G1 F1652.4 X131.083 Y97.802 E1354.5802
G1 F1738.6 X88.854 Y97.802 E1355.99527
G1 F1660.3 X88.414 Y97.908 E1356.01115
G1 F1557 X88.078 Y98.185 E1356.02745
G1 X87.862 Y98.535 E1356.04284
G1 F1668.2 X87.804 Y98.917 E1356.05633
G1 F1742.9 X87.801 Y121.081 E1356.79719
G1 F1640.8 X87.875 Y121.49 E1356.81195
G1 F1543.3 X88.096 Y121.835 E1356.82742
G1 X88.287 Y121.997 E1356.83687
G1 F1585.2 X88.599 Y122.15 E1356.84964
G1 F1676.2 X88.914 Y122.197 E1356.86071
G1 F1738.6 X131.146 Y122.199 E1358.27589
G1 F1664.2 X131.514 Y122.107 E1358.28917
G1 F1581.6 X131.89 Y121.865 E1358.30564
M204 S2000
G1 F2400 E1357.50564
G0 F9000 X132.043 Y122.068
G0 X131.324 Y122.374
G0 X131.016 Y121.335
G0 X89.014 Y121.335
G0 X88.53 Y122.581
M204 S500
G1 F2400 E1358.30564
G1 F1585.2 X88.222 Y122.477 E1358.31759
G1 F1536.5 X87.891 Y122.274 E1358.33231
G1 F1523.1 X87.719 Y122.103 E1358.34159
G1 X87.553 Y121.84 E1358.35348
G1 F1578 X87.414 Y121.382 E1358.37115
G1 F1692.4 X87.401 Y121.046 E1358.38273
G1 F1760.4 X87.405 Y98.956 E1359.11377
G1 F1700.6 X87.421 Y98.572 E1359.12694
G1 F1578 X87.511 Y98.224 E1359.14021
G1 F1519.8 X87.724 Y97.889 E1359.15542
G1 F1503.5 X88.019 Y97.619 E1359.17092
G1 F1536.5 X88.394 Y97.459 E1359.18638
G1 F1660.3 X88.82 Y97.402 E1359.20146
G1 F1738.6 X131.122 Y97.402 E1360.61898
G1 F1688.3 X131.386 Y97.414 E1360.6281
G1 F1578 X131.774 Y97.51 E1360.64286
G1 F1523.1 X132.112 Y97.725 E1360.65818
G1 F1526.4 X132.388 Y98.027 E1360.67379
G1 F1519.8 X132.506 Y98.336 E1360.68647
G1 F1553.5 X132.529 Y98.362 E1360.68778
G1 F1618.1 X132.584 Y98.631 E1360.69766
G1 F1700.6 X132.599 Y98.888 E1360.70648
G1 F1751.6 X132.6 Y121.045 E1361.44343
G1 F1692.4 X132.587 Y121.385 E1361.45514
G1 F1574.5 X132.489 Y121.774 E1361.46998
G1 F1519.8 X132.274 Y122.112 E1361.48534
G1 F1523.1 X131.981 Y122.382 E1361.50058
G1 F1557 X131.612 Y122.539 E1361.51558
G1 F1640.8 X131.283 Y122.593 E1361.52742
G1 F1696.5 X117.147 Y122.594 E1362.01286
G1 F1713.1 X103.011 Y122.595 E1362.49361
G1 F1730 X88.875 Y122.597 E1362.96965
G1 F1676.2 X88.53 Y122.581 E1362.98165
M204 S2000
G1 F2400 E1362.18165
;MESH:NONMESH
G0 F300 X88.53 Y122.581 Z5.8
G0 F9000 X88.555 Y122.379
G0 X88.888 Y122.397
G0 X89.014 Y121.335
G0 X131.016 Y121.335
G0 X131.468 Y122.582
;TIME_ELAPSED:1588.658565
;LAYER:28
M204 S500
;TYPE:WALL-OUTER
;MESH:ParametricSnapInCP2102-CaseTop.stl
G1 F2400 E1362.98165
G1 F1620.6 X131.055 Y122.599 E1362.99602
G1 F1689.3 X88.875 Y122.597 E1364.40244
G1 F1620.6 X88.53 Y122.581 E1364.41445
G1 F1529.1 X88.222 Y122.477 E1364.42642
G1 F1482.3 X87.889 Y122.273 E1364.44126
G1 F1459.9 X87.654 Y122.034 E1364.45419
G1 F1472.6 X87.504 Y121.732 E1364.46709
G1 F1536.1 X87.414 Y121.379 E1364.48045
G1 F1636.2 X87.401 Y121.046 E1364.49192
G1 F1689.3 X87.403 Y98.878 E1365.23107
G1 F1624.5 X87.418 Y98.557 E1365.24222
G1 F1529.1 X87.53 Y98.213 E1365.25554
G1 F1479 X87.727 Y97.886 E1365.27008
G1 F1459.9 X87.964 Y97.658 E1365.28277
G1 F1475.8 X88.367 Y97.458 E1365.29994
G1 F1582.7 X88.743 Y97.401 E1365.31347
G1 F1672.6 X109.926 Y97.403 E1366.02683
G1 F1689.3 X131.109 Y97.406 E1366.73314
G1 F1652.2 X131.528 Y97.427 E1366.74744
G1 F1539.5 X131.956 Y97.614 E1366.76453
G1 F1466.2 X132.264 Y97.86 E1366.77967
G1 F1479 X132.451 Y98.161 E1366.79317
G1 F1522.3 X132.556 Y98.457 E1366.80479
G1 F1605.2 X132.599 Y98.744 E1366.81497
G1 F1685.1 X132.594 Y121.109 E1367.56256
G1 F1652.2 X132.573 Y121.531 E1367.57696
G1 F1536.1 X132.386 Y121.956 E1367.59399
G1 F1447.4 X132.136 Y122.26 E1367.6093
G1 F1459.9 X131.839 Y122.451 E1367.62293
G1 F1522.3 X131.468 Y122.582 E1367.63749
M204 S2000
G0 F9000 X131.722 Y122.007
M204 S500
G1 F1522.3 X132.042 Y121.652 E1367.65517
G1 F1557.2 X132.168 Y121.322 E1367.66795
G1 F1640.2 X132.197 Y121.079 E1367.67635
G1 F1693.5 X132.198 Y98.916 E1368.41349
G1 F1640.2 X132.166 Y98.671 E1368.42198
G1 F1546.6 X132.051 Y98.37 E1368.43372
G1 F1479 X131.912 Y98.17 E1368.44299
G1 F1472.6 X131.657 Y97.962 E1368.45558
G1 F1532.6 X131.335 Y97.835 E1368.4683
G1 F1636.2 X131.079 Y97.803 E1368.47718
G1 F1693.5 X116.974 Y97.803 E1368.94631
G1 F1676.7 X102.869 Y97.803 E1369.42014
G1 F1664.4 X88.764 Y97.803 E1369.89748
G1 F1575.4 X88.358 Y97.955 E1369.91298
G1 F1488.8 X88.082 Y98.18 E1369.92646
G1 F1498.7 X87.859 Y98.548 E1369.94263
G1 F1597.6 X87.803 Y98.917 E1369.95579
G1 F1680.9 X87.801 Y121.081 E1370.69849
G1 F1590.1 X87.866 Y121.454 E1370.7119
G1 F1479 X88.049 Y121.778 E1370.72608
G1 X88.286 Y121.996 E1370.73834
G1 F1532.6 X88.599 Y122.15 E1370.75116
G1 F1620.6 X88.914 Y122.197 E1370.76223
G1 F1680.9 X131.085 Y122.198 E1372.17536
G1 F1620.6 X131.335 Y122.169 E1372.18411
G1 F1539.5 X131.722 Y122.007 E1372.19946
M204 S2000
;MESH:NONMESH
G0 F300 X131.722 Y122.007 Z6
G0 F9000 X131.462 Y122.583
;TIME_ELAPSED:1598.804866
;LAYER:29
M204 S500
;TYPE:WALL-OUTER
;MESH:ParametricSnapInCP2102-CaseTop.stl
G1 F1570.9 X131.126 Y122.597 E1372.21117
G1 F1637.3 X109.994 Y122.598 E1372.91754
G1 F1645.5 X88.862 Y122.599 E1373.6204
G1 F1578.4 X88.53 Y122.579 E1373.63193
G1 F1485.7 X88.221 Y122.479 E1373.64389
G1 F1437.1 X87.89 Y122.271 E1373.65878
G1 F1409.4 X87.654 Y122.035 E1373.67174
G1 F1434 X87.478 Y121.678 E1373.68693
G1 F1495.9 X87.414 Y121.388 E1373.6978
G1 F1582.2 X87.403 Y121.126 E1373.70687
G1 F1613.2 X87.402 Y98.698 E1374.46774
G1 F1548.7 X87.458 Y98.401 E1374.47842
G1 F1462.6 X87.657 Y97.958 E1374.4966
G1 F1427.7 X87.942 Y97.684 E1374.51175
G1 F1437.1 X88.219 Y97.526 E1374.5239
G1 F1506.1 X88.531 Y97.416 E1374.53592
G1 F1613.2 X88.953 Y97.401 E1374.55024
G1 F1653.7 X131.142 Y97.405 E1375.94644
G1 F1597.5 X131.422 Y97.421 E1375.95605
G1 F1502.7 X131.784 Y97.525 E1375.96976
G1 F1437.1 X132.108 Y97.726 E1375.98428
G1 F1421.6 X132.317 Y97.943 E1375.99588
G1 F1449.7 X132.541 Y98.337 E1376.01299
G1 F1537.8 X132.598 Y98.756 E1376.02804
G1 F1625.2 X132.596 Y109.936 E1376.40454
G1 F1645.5 X132.594 Y121.116 E1376.77638
G1 F1597.5 X132.58 Y121.422 E1376.78688
G1 F1499.3 X132.474 Y121.783 E1376.80061
G1 F1443.4 X132.276 Y122.109 E1376.81507
G1 F1430.8 X132.056 Y122.318 E1376.82668
G1 F1437.1 X131.781 Y122.473 E1376.8387
G1 F1479.1 X131.462 Y122.583 E1376.85119
M204 S2000
G0 F9000 X131.423 Y122.146
M204 S500
G1 F1459.4 X131.8 Y121.935 E1376.86739
G1 F1449.7 X131.976 Y121.745 E1376.87717
G1 F1527.1 X132.15 Y121.4 E1376.89101
G1 F1625.2 X132.197 Y121.082 E1376.90184
G1 F1645.5 X132.198 Y98.913 E1377.63918
G1 F1548.7 X132.136 Y98.543 E1377.65244
G1 F1462.6 X131.908 Y98.156 E1377.66925
G1 F1456.2 X131.563 Y97.916 E1377.68504
G1 F1537.8 X131.207 Y97.808 E1377.69828
G1 F1625.2 X88.918 Y97.801 E1379.1224
G1 F1563.4 X88.562 Y97.863 E1379.13505
G1 F1459.4 X88.184 Y98.075 E1379.15131
G1 F1440.2 X87.914 Y98.416 E1379.16783
G1 F1530.7 X87.806 Y98.793 E1379.18185
G1 F1617.2 X87.801 Y121.082 E1379.93616
G1 F1556 X87.868 Y121.452 E1379.94939
G1 F1479.1 X88.078 Y121.833 E1379.96549
G1 F1465.9 X88.442 Y122.088 E1379.98208
G1 F1534.2 X88.797 Y122.194 E1379.99529
G1 F1621.1 X131.082 Y122.199 E1381.4228
G1 F1552.3 X131.423 Y122.146 E1381.43496
;TIME_ELAPSED:1609.049667
G1 F2400 E1380.63496
M107
G91 ;Relative positioning
G1 E-2 F2700 ;Retract a bit
G1 E-2 Z0.2 F2400 ;Retract and raise Z
G1 X5 Y5 F3000 ;Wipe out
G1 Z10 ;Raise Z more
G90 ;Absolute positioning

G1 X0 Y220 ;Present print
M106 S0 ;Turn-off fan
M104 S0 ;Turn-off hotend
M140 S0 ;Turn-off bed

M84 X Y E ;Disable all steppers but Z

M82 ;absolute extrusion mode
M104 S0
;End of Gcode
;SETTING_3 {"global_quality": "[general]\\nversion = 4\\nname = Standard Quality
;SETTING_3  #2\\ndefinition = creality_ender3s1pro\\n\\n[metadata]\\ntype = qual
;SETTING_3 ity_changes\\nquality_type = standard\\nsetting_version = 22\\n\\n[va
;SETTING_3 lues]\\nadhesion_type = brim\\nsupport_enable = True\\n\\n", "extrude
;SETTING_3 r_quality": ["[general]\\nversion = 4\\nname = Standard Quality #2\\n
;SETTING_3 definition = creality_ender3s1pro\\n\\n[metadata]\\ntype = quality_ch
;SETTING_3 anges\\nquality_type = standard\\nintent_category = default\\npositio
;SETTING_3 n = 0\\nsetting_version = 22\\n\\n[values]\\nsupport_infill_rate = 10
;SETTING_3 .0\\n\\n"]}
